Workbook
Name 년: 참조!$C$3
Name 월: 참조!$C$4

Sheet 1
C1: =DATE(년,월,_xlfn.SHEET()) -> 25569.375 | P1: 금일 매출
C3: 아무것도 잡지마세요 | K3: 수당률 | M3: =SUM(K5:K12) | N3: =SUM(L5:L12)
B4: NO. | C4: 날짜/예약시간 | E4: 성함 | F4: 연락처 | G4: 주소/주요사항 | H4: 에어컨종류/개수/일반&종합 | I4: 계약금 | J4: 잔금 | K4: 합계 | L4: 수당 | P4: 순이익 | Q4: =P10-R10
B5: 1 | K5: =(I5+J5)*10000 | L5: =K5*L3
B6: 2 | K6: =(I6+J6)*10000 | L6: =K6*L3
B7: 3 | K7: =(I7+J7)*10000 | L7: =K7*L3 | P7: 수입 | R7: 지출
B8: 4 | K8: =(I8+J8)*10000 | L8: =K8*L3 | P8: 계약 | Q8: 기타 | R8: 수당비 | S8: 광고비 | T8: 기타
B9: 5 | K9: =(I9+J9)*10000 | L9: =K9*L3 | P9: =SUM(M:M) | R9: =SUM(N:N)
B10: 6 | K10: =(I10+J10)*10000 | L10: =K10*L3 | P10: =SUM(P9:Q9) | R10: =SUM(R9:T9)
B11: 7 | K11: =(I11+J11)*10000 | L11: =K11*L3
B12: 8 | K12: =(I12+J12)*10000 | L12: =K12*L3
C13: [인천시] 김의덕 기사님 [일정 여유롭게 / 벽/원/포/스탠드 사무실위주/고층사다리] | K13: 수당률 | L13: 0.5 | M13: =SUM(K15:K22) | N13: =SUM(L15:L22)
B14: NO. | C14: 날짜/예약시간 | E14: 성함 | F14: 연락처 | G14: 주소/주요사항 | H14: 에어컨종류/개수/일반&종합 | I14: 계약금 | J14: 잔금 | K14: 합계 | L14: 수당 | M14: 고층사다리
B15: 1 | C15: 4월 1일 | D15: 9시! | E15: 박상찬 | F15: 010-5582-5268 | G15: 성남시 수정구 319 산성역포레스티아 108동 2402호 1. 오전9시 시작요청 2. 방문전 사전 차량등록을 해야해서 문자로 차량번호 발송부탁드립니다. | H15: 원웨이 2대 종합 | I15: 3 | J15: 13 | K15: =(I15+J15)*10000 | L15: =K15*L13
B16: 2 | K16: =(I16+J16)*10000 | L16: =K16*L13
B17: 3 | K17: =(I17+J17)*10000 | L17: =K17*L13
B18: 4 | K18: =(I18+J18)*10000 | L18: =K18*L13
B19: 5 | K19: =(I19+J19)*10000 | L19: =K19*L13
B20: 6 | K20: =(I20+J20)*10000 | L20: =K20*L13
B21: 7 | K21: =(I21+J21)*10000 | L21: =K21*L13
B22: 8 | K22: =(I22+J22)*10000 | L22: =K22*L13
C23: [인천 서구/격주토요휴무] 신국관 기사님 [벽/원/포] | K23: 수당률 | L23: 0.5 | M23: =SUM(K25:K32) | N23: =SUM(L25:L32)
B24: NO. | C24: 날짜/예약시간 | E24: 성함 | F24: 연락처 | G24: 주소/주요사항 | H24: 에어컨종류/개수/일반&종합 | I24: 계약금 | J24: 잔금 | K24: 합계 | L24: 수당
B25: 1 | G25: 10시부터 일정 잡아주세요 | K25: =(I25+J25)*10000 | L25: =K25*L23
B26: 2 | K26: =(I26+J26)*10000 | L26: =K26*L23
B27: 3 | K27: =(I27+J27)*10000 | L27: =K27*L23
B28: 4 | K28: =(I28+J28)*10000 | L28: =K28*L23
B29: 5 | K29: =(I29+J29)*10000 | L29: =K29*L23
B30: 6 | K30: =(I30+J30)*10000 | L30: =K30*L23
B31: 7 | K31: =(I31+J31)*10000 | L31: =K31*L23
B32: 8 | K32: =(I32+J32)*10000 | L32: =K32*L23
C33: [김포시] 전상현 기사님 [일정 여유롭게 / 벽/원/스탠드 사무실위주/통] | K33: 수당률 | L33: 0.5 | M33: =SUM(K35:K42) | N33: =SUM(L35:L42)
C34: 날짜/예약시간 | E34: 성함 | F34: 연락처 | G34: 주소/주요사항 | H34: 에어컨종류/개수/일반&종합 | I34: 계약금 | J34: 잔금 | K34: 합계 | L34: 수당 | M34: 포웨이 3시간
K35: =(I35+J35)*10000 | L35: =K35*L33
K36: =(I36+J36)*10000 | L36: =K36*L33
K37: =(I37+J37)*10000 | L37: =K37*L33
K38: =(I38+J38)*10000 | L38: =K38*L33
K39: =(I39+J39)*10000 | L39: =K39*L33
K40: =(I40+J40)*10000 | L40: =K40*L33
K41: =(I41+J41)*10000 | L41: =K41*L33
K42: =(I42+J42)*10000 | L42: =K42*L33
C43: 부천 중동 기사님 [일정 여유롭게 / 벽/원/스탠드 사무실위주] | K43: 수당률 | L43: 0.5 | M43: =SUM(K45:K52) | N43: =SUM(L45:L52)
C44: 날짜/예약시간 | E44: 성함 | F44: 연락처 | G44: 주소/주요사항 | H44: 에어컨종류/개수/일반&종합 | I44: 계약금 | J44: 잔금 | K44: 합계 | L44: 수당
K45: =(I45+J45)*10000 | L45: =K45*L43
K46: =(I46+J46)*10000 | L46: =K46*L43
K47: =(I47+J47)*10000 | L47: =K47*L43
K48: =(I48+J48)*10000 | L48: =K48*L43
K49: =(I49+J49)*10000 | L49: =K49*L43
K50: =(I50+J50)*10000 | L50: =K50*L43
K51: =(I51+J51)*10000 | L51: =K51*L43
K52: =(I52+J52)*10000 | L52: =K52*L43
C53: [부천] 김민구 기사님 [ 벽 / 원 / 포 / 스탠드 사무실 위주 ] | K53: 수당률 | L53: 0.5 | M53: =SUM(K55:K62) | N53: =SUM(L55:L62)
C54: 날짜/예약시간 | E54: 성함 | F54: 연락처 | G54: 주소/주요사항 | H54: 에어컨종류/개수/일반&종합 | I54: 계약금 | J54: 잔금 | K54: 합계 | L54: 수당
K55: =(I55+J55)*10000 | L55: =K55*L53
K56: =(I56+J56)*10000 | L56: =K56*L53
K57: =(I57+J57)*10000 | L57: =K57*L53
K58: =(I58+J58)*10000 | L58: =K58*L53
K59: =(I59+J59)*10000 | L59: =K59*L53
K60: =(I60+J60)*10000 | L60: =K60*L53
K61: =(I61+J61)*10000 | L61: =K61*L53
K62: =(I62+J62)*10000 | L62: =K62*L53
C63: [김포] 구형모 기사님 [ 벽 / 원 / 포 / 스탠드 사무실 위주 ] | K63: 수당률 | L63: 0.5 | M63: =SUM(K65:K72) | N63: =SUM(L65:L72)
C64: 날짜/예약시간 | E64: 성함 | F64: 연락처 | G64: 주소/주요사항 | H64: 에어컨종류/개수/일반&종합 | I64: 계약금 | J64: 잔금 | K64: 0 | L64: 0
K65: =(I65+J65)*10000 | L65: =K65*L63
K66: =(I66+J66)*10000 | L66: =K66*L63
K67: =(I67+J67)*10000 | L67: =K67*L63
K68: =(I68+J68)*10000 | L68: =K68*L63
K69: =(I69+J69)*10000 | L69: =K69*L63
K70: =(I70+J70)*10000 | L70: =K70*L63
K71: =(I71+J71)*10000 | L71: =K71*L63
K72: =(I72+J72)*10000 | L72: =K72*L63
C73: [김포] 이재원 기사님 [ 벽 / 원 / 포 / 스탠드 사무실 위주 ] | K73: 수당률 | L73: 0.5 | M73: =SUM(K75:K82) | N73: =SUM(L75:L82)
C74: 날짜/예약시간 | E74: 성함 | F74: 연락처 | G74: 주소/주요사항 | H74: 에어컨종류/개수/일반&종합 | I74: 계약금 | J74: 잔금 | K74: 합계 | L74: 수당
K75: =(I75+J75)*10000 | L75: =K75*L73
K76: =(I76+J76)*10000 | L76: =K76*L73
K77: =(I77+J77)*10000 | L77: =K77*L73
K78: =(I78+J78)*10000 | L78: =K78*L73
K79: =(I79+J79)*10000 | L79: =K79*L73
K80: =(I80+J80)*10000 | L80: =K80*L73
K81: =(I81+J81)*10000 | L81: =K81*L73
K82: =(I82+J82)*10000 | L82: =K82*L73
C83: [인천 계양/토 휴무/일 근무] 선근 기사님 [ 벽 / 원 / 포 ] | K83: 수당률 | L83: 0.5 | M83: =SUM(K85:K92) | N83: =SUM(L85:L92)
C84: 날짜/예약시간 | E84: 성함 | F84: 연락처 | G84: 주소/주요사항 | H84: 에어컨종류/개수/일반&종합 | I84: 계약금 | J84: 잔금 | K84: 합계 | L84: 수당
C85: 1 | D85: 10시 | E85: 나영 민나영 | F85: 010-6619-2236 | G85: 인천 서구 새오개로 48번길 6 신현빌라 1동 301호 | H85: 벽걸이 종합 | I85: 3 | J85: 5 | K85: =(I85+J85)*10000 | L85: =K85*L83
K86: =(I86+J86)*10000 | L86: =K86*L83
K87: =(I87+J87)*10000 | L87: =K87*L83
K88: =(I88+J88)*10000 | L88: =K88*L83
K89: =(I89+J89)*10000 | L89: =K89*L83
K90: =(I90+J90)*10000 | L90: =K90*L83
K91: =(I91+J91)*10000 | L91: =K91*L83
K92: =(I92+J92)*10000 | L92: =K92*L83
C93: [마포구/화토일 휴무] 지니 기사님 [벽걸이만 하루 4개] | K93: 수당률 | L93: 0.5 | M93: 0 | N93: 0
C94: 날짜/예약시간 | E94: 성함 | F94: 연락처 | G94: 주소/주요사항 | H94: 에어컨종류/개수/일반&종합 | I94: 계약금 | J94: 잔금 | K94: 합계 | L94: 수당
K95: =(I95+J95)*10000 | L95: =K95*L90
K96: =(I96+J96)*10000 | L96: =K96*L90
K97: =(I97+J97)*10000 | L97: =K97*L90
K98: =(I98+J98)*10000 | L98: =K98*L90
G99: 벽걸이 대수가 4개여야 합니다 (3시 마지막) | K99: 0 | L99: 0
K100: 0 | L100: 0
K101: 0 | L101: 0
...

Sheet 2
C1: =DATE(년,월,_xlfn.SHEET()) -> 25569.375 | P1: 금일 매출
C3: 아무것도 잡지마세요 | K3: 수당률 | M3: =SUM(K5:K12) | N3: =SUM(L5:L12)
B4: NO. | C4: 날짜/예약시간 | E4: 성함 | F4: 연락처 | G4: 주소/주요사항 | H4: 에어컨종류/개수/일반&종합 | I4: 계약금 | J4: 잔금 | K4: 합계 | L4: 수당 | P4: 순이익 | Q4: =P10-R10
B5: 1 | K5: =(I5+J5)*10000 | L5: =K5*L3
B6: 2 | K6: =(I6+J6)*10000 | L6: =K6*L3
B7: 3 | K7: =(I7+J7)*10000 | L7: =K7*L3 | P7: 수입 | R7: 지출
B8: 4 | K8: =(I8+J8)*10000 | L8: =K8*L3 | P8: 계약 | Q8: 기타 | R8: 수당비 | S8: 광고비 | T8: 기타
B9: 5 | K9: =(I9+J9)*10000 | L9: =K9*L3 | P9: =SUM(M:M) | R9: =SUM(N:N)
B10: 6 | K10: =(I10+J10)*10000 | L10: =K10*L3 | P10: =SUM(P9:Q9) | R10: =SUM(R9:T9)
B11: 7 | K11: =(I11+J11)*10000 | L11: =K11*L3
B12: 8 | K12: =(I12+J12)*10000 | L12: =K12*L3
C13: [인천시] 김의덕 기사님 [일정 여유롭게 / 벽/원/포/스탠드 사무실위주/고층사다리] | K13: 수당률 | L13: 0.5 | M13: =SUM(K15:K22) | N13: =SUM(L15:L22)
B14: NO. | C14: 날짜/예약시간 | E14: 성함 | F14: 연락처 | G14: 주소/주요사항 | H14: 에어컨종류/개수/일반&종합 | I14: 계약금 | J14: 잔금 | K14: 합계 | L14: 수당 | M14: 고층사다리
B15: 1 | K15: =(I15+J15)*10000 | L15: =K15*L13
B16: 2 | C16: 2 | D16: 10시~11시 | E16: 엄소영 | F16: 010-6288-3844 | G16: 금천구 금하로 23다길6 다온하우스202호 | H16: 원웨이 종합 | I16: 3 | J16: 5 | K16: =(I16+J16)*10000 | L16: =K16*L13
B17: 3 | K17: =(I17+J17)*10000 | L17: =K17*L13
B18: 4 | C18: 2 | D18: 5시~6시 | E18: 채정원 | F18: 010-4740-4659 | G18: 노원구 공릉동 218 101동 403호입니다 | H18: 원웨이 2대 종합 | I18: 3 | J18: 13 | K18: =(I18+J18)*10000 | L18: =K18*L13
B19: 5 | K19: =(I19+J19)*10000 | L19: =K19*L13
B20: 6 | K20: =(I20+J20)*10000 | L20: =K20*L13
B21: 7 | K21: =(I21+J21)*10000 | L21: =K21*L13
B22: 8 | K22: =(I22+J22)*10000 | L22: =K22*L13
C23: [인천 서구/격주토요휴무] 신국관 기사님 [벽/원/포] | K23: 수당률 | L23: 0.5 | M23: =SUM(K25:K32) | N23: =SUM(L25:L32)
B24: NO. | C24: 날짜/예약시간 | E24: 성함 | F24: 연락처 | G24: 주소/주요사항 | H24: 에어컨종류/개수/일반&종합 | I24: 계약금 | J24: 잔금 | K24: 합계 | L24: 수당
B25: 1 | G25: 10시부터 일정 잡아주세요 | K25: =(I25+J25)*10000 | L25: =K25*L23
B26: 2 | K26: =(I26+J26)*10000 | L26: =K26*L23
B27: 3 | K27: =(I27+J27)*10000 | L27: =K27*L23
B28: 4 | K28: =(I28+J28)*10000 | L28: =K28*L23
B29: 5 | C29: 2 | D29: 4시반~5시 | E29: 선서진 | F29: 010-4943-0386 | G29: 마포구 만리재로 90, 블레스하임3차오피스텔 1007호 [숨고페이] | H29: 원웨이 종합 | I29: 8 | K29: =(I29+J29)*10000 | L29: =K29*L23
B30: 6 | K30: =(I30+J30)*10000 | L30: =K30*L23
B31: 7 | K31: =(I31+J31)*10000 | L31: =K31*L23
B32: 8 | K32: =(I32+J32)*10000 | L32: =K32*L23
C33: [김포시] 전상현 기사님 [일정 여유롭게 / 벽/원/스탠드 사무실위주/통] | K33: 수당률 | L33: 0.5 | M33: =SUM(K35:K42) | N33: =SUM(L35:L42)
C34: 날짜/예약시간 | E34: 성함 | F34: 연락처 | G34: 주소/주요사항 | H34: 에어컨종류/개수/일반&종합 | I34: 계약금 | J34: 잔금 | K34: 합계 | L34: 수당 | M34: 포웨이 3시간
K35: =(I35+J35)*10000 | L35: =K35*L33
K36: =(I36+J36)*10000 | L36: =K36*L33
K37: =(I37+J37)*10000 | L37: =K37*L33
K38: =(I38+J38)*10000 | L38: =K38*L33
K39: =(I39+J39)*10000 | L39: =K39*L33
K40: =(I40+J40)*10000 | L40: =K40*L33
K41: =(I41+J41)*10000 | L41: =K41*L33
K42: =(I42+J42)*10000 | L42: =K42*L33
C43: 부천 중동 기사님 [일정 여유롭게 / 벽/원/스탠드 사무실위주] | K43: 수당률 | L43: 0.5 | M43: =SUM(K45:K52) | N43: =SUM(L45:L52)
C44: 날짜/예약시간 | E44: 성함 | F44: 연락처 | G44: 주소/주요사항 | H44: 에어컨종류/개수/일반&종합 | I44: 계약금 | J44: 잔금 | K44: 합계 | L44: 수당
K45: =(I45+J45)*10000 | L45: =K45*L43
K46: =(I46+J46)*10000 | L46: =K46*L43
K47: =(I47+J47)*10000 | L47: =K47*L43
K48: =(I48+J48)*10000 | L48: =K48*L43
K49: =(I49+J49)*10000 | L49: =K49*L43
K50: =(I50+J50)*10000 | L50: =K50*L43
K51: =(I51+J51)*10000 | L51: =K51*L43
K52: =(I52+J52)*10000 | L52: =K52*L43
C53: [부천] 김민구 기사님 [ 벽 / 원 / 포 / 스탠드 사무실 위주 ] | K53: 수당률 | L53: 0.5 | M53: =SUM(K55:K62) | N53: =SUM(L55:L62)
C54: 날짜/예약시간 | E54: 성함 | F54: 연락처 | G54: 주소/주요사항 | H54: 에어컨종류/개수/일반&종합 | I54: 계약금 | J54: 잔금 | K54: 합계 | L54: 수당
K55: =(I55+J55)*10000 | L55: =K55*L53
K56: =(I56+J56)*10000 | L56: =K56*L53
K57: =(I57+J57)*10000 | L57: =K57*L53
K58: =(I58+J58)*10000 | L58: =K58*L53
K59: =(I59+J59)*10000 | L59: =K59*L53
K60: =(I60+J60)*10000 | L60: =K60*L53
K61: =(I61+J61)*10000 | L61: =K61*L53
K62: =(I62+J62)*10000 | L62: =K62*L53
C63: [김포] 구형모 기사님 [ 벽 / 원 / 포 / 스탠드 사무실 위주 ] | K63: 수당률 | L63: 0.5 | M63: =SUM(K65:K72) | N63: =SUM(L65:L72)
C64: 날짜/예약시간 | E64: 성함 | F64: 연락처 | G64: 주소/주요사항 | H64: 에어컨종류/개수/일반&종합 | I64: 계약금 | J64: 잔금 | K64: 0 | L64: 0
K65: =(I65+J65)*10000 | L65: =K65*L63
K66: =(I66+J66)*10000 | L66: =K66*L63
K67: =(I67+J67)*10000 | L67: =K67*L63
K68: =(I68+J68)*10000 | L68: =K68*L63
K69: =(I69+J69)*10000 | L69: =K69*L63
K70: =(I70+J70)*10000 | L70: =K70*L63
K71: =(I71+J71)*10000 | L71: =K71*L63
K72: =(I72+J72)*10000 | L72: =K72*L63
C73: [김포] 이재원 기사님 [ 벽 / 원 / 포 / 스탠드 사무실 위주 ] | K73: 수당률 | L73: 0.5 | M73: =SUM(K75:K82) | N73: =SUM(L75:L82)
C74: 날짜/예약시간 | E74: 성함 | F74: 연락처 | G74: 주소/주요사항 | H74: 에어컨종류/개수/일반&종합 | I74: 계약금 | J74: 잔금 | K74: 합계 | L74: 수당
K75: =(I75+J75)*10000 | L75: =K75*L73
K76: =(I76+J76)*10000 | L76: =K76*L73
K77: =(I77+J77)*10000 | L77: =K77*L73
K78: =(I78+J78)*10000 | L78: =K78*L73
K79: =(I79+J79)*10000 | L79: =K79*L73
K80: =(I80+J80)*10000 | L80: =K80*L73
K81: =(I81+J81)*10000 | L81: =K81*L73
K82: =(I82+J82)*10000 | L82: =K82*L73
C83: [인천 계양/토 휴무/일 근무] 선근 기사님 [ 벽 / 원 / 포 ] | K83: 수당률 | L83: 0.5 | M83: =SUM(K85:K92) | N83: =SUM(L85:L92)
C84: 날짜/예약시간 | E84: 성함 | F84: 연락처 | G84: 주소/주요사항 | H84: 에어컨종류/개수/일반&종합 | I84: 계약금 | J84: 잔금 | K84: 합계 | L84: 수당
K85: =(I85+J85)*10000 | L85: =K85*L83
K86: =(I86+J86)*10000 | L86: =K86*L83
K87: =(I87+J87)*10000 | L87: =K87*L83
K88: =(I88+J88)*10000 | L88: =K88*L83
K89: =(I89+J89)*10000 | L89: =K89*L83
K90: =(I90+J90)*10000 | L90: =K90*L83
K91: =(I91+J91)*10000 | L91: =K91*L83
K92: =(I92+J92)*10000 | L92: =K92*L83
C93: [마포구/화토일 휴무] 지니 기사님 [벽걸이만 하루 4개] | K93: 수당률 | L93: 0.5 | M93: =SUM(K95:K102) | N93: =SUM(L95:L102)
C94: 날짜/예약시간 | E94: 성함 | F94: 연락처 | G94: 주소/주요사항 | H94: 에어컨종류/개수/일반&종합 | I94: 계약금 | J94: 잔금 | K94: 합계 | L94: 수당
K95: =(I95+J95)*10000 | L95: =K95*L90
K96: =(I96+J96)*10000 | L96: =K96*L90
K97: =(I97+J97)*10000 | L97: =K97*L90
K98: =(I98+J98)*10000 | L98: =K98*L90
G99: 벽걸이 대수가 4개여야 합니다 (3시 마지막) | K99: 0 | L99: 0
K100: 0 | L100: 0
K101: 0 | L101: 0
...

Sheet 3
C1: =DATE(년,월,_xlfn.SHEET()) -> 25569.375 | P1: 금일 매출
C3: 아무것도 잡지마세요 | K3: 수당률 | M3: =SUM(K5:K12) | N3: =SUM(L5:L12)
B4: NO. | C4: 날짜/예약시간 | E4: 성함 | F4: 연락처 | G4: 주소/주요사항 | H4: 에어컨종류/개수/일반&종합 | I4: 계약금 | J4: 잔금 | K4: 합계 | L4: 수당 | P4: 순이익 | Q4: =P10-R10
B5: 1 | K5: =(I5+J5)*10000 | L5: =K5*L3
B6: 2 | K6: =(I6+J6)*10000 | L6: =K6*L3
B7: 3 | K7: =(I7+J7)*10000 | L7: =K7*L3 | P7: 수입 | R7: 지출
B8: 4 | K8: =(I8+J8)*10000 | L8: =K8*L3 | P8: 계약 | Q8: 기타 | R8: 수당비 | S8: 광고비 | T8: 기타
B9: 5 | K9: =(I9+J9)*10000 | L9: =K9*L3 | P9: =SUM(M:M) | R9: =SUM(N:N)
B10: 6 | K10: =(I10+J10)*10000 | L10: =K10*L3 | P10: =SUM(P9:Q9) | R10: =SUM(R9:T9)
B11: 7 | K11: =(I11+J11)*10000 | L11: =K11*L3
B12: 8 | K12: =(I12+J12)*10000 | L12: =K12*L3
C13: [인천시] 김의덕 기사님 [일정 여유롭게 / 벽/원/포/스탠드 사무실위주/고층사다리] | K13: 수당률 | L13: 0.5 | M13: =SUM(K15:K22) | N13: =SUM(L15:L22)
B14: NO. | C14: 날짜/예약시간 | E14: 성함 | F14: 연락처 | G14: 주소/주요사항 | H14: 에어컨종류/개수/일반&종합 | I14: 계약금 | J14: 잔금 | K14: 합계 | L14: 수당 | M14: 고층사다리
B15: 1 | K15: =(I15+J15)*10000 | L15: =K15*L13
B16: 2 | K16: =(I16+J16)*10000 | L16: =K16*L13
B17: 3 | K17: =(I17+J17)*10000 | L17: =K17*L13
B18: 4 | K18: =(I18+J18)*10000 | L18: =K18*L13
B19: 5 | C19: 3 | D19: 4시반~5시 | E19: 한경석 | F19: 010-5216-6625 | G19: 안양시 동안구 비산동 1044-28 302호 | H19: 엘지 위너 스탠드 | I19: 3 | J19: 8 | K19: =(I19+J19)*10000 | L19: =K19*L13
B20: 6 | K20: =(I20+J20)*10000 | L20: =K20*L13
B21: 7 | K21: =(I21+J21)*10000 | L21: =K21*L13
B22: 8 | K22: =(I22+J22)*10000 | L22: =K22*L13
C23: [인천 서구/격주토요휴무] 신국관 기사님 [벽/원/포] | K23: 수당률 | L23: 0.5 | M23: =SUM(K25:K32) | N23: =SUM(L25:L32)
B24: NO. | C24: 날짜/예약시간 | E24: 성함 | F24: 연락처 | G24: 주소/주요사항 | H24: 에어컨종류/개수/일반&종합 | I24: 계약금 | J24: 잔금 | K24: 합계 | L24: 수당
B25: 1 | G25: 10시부터 일정 잡아주세요 | K25: =(I25+J25)*10000 | L25: =K25*L23
B26: 2 | K26: =(I26+J26)*10000 | L26: =K26*L23
B27: 3 | K27: =(I27+J27)*10000 | L27: =K27*L23
B28: 4 | K28: =(I28+J28)*10000 | L28: =K28*L23
B29: 5 | K29: =(I29+J29)*10000 | L29: =K29*L23
B30: 6 | K30: =(I30+J30)*10000 | L30: =K30*L23
B31: 7 | K31: =(I31+J31)*10000 | L31: =K31*L23
B32: 8 | K32: =(I32+J32)*10000 | L32: =K32*L23
C33: [김포시] 전상현 기사님 [일정 여유롭게 / 벽/원/스탠드 사무실위주/통] | K33: 수당률 | L33: 0.5 | M33: =SUM(K35:K42) | N33: =SUM(L35:L42)
C34: 날짜/예약시간 | E34: 성함 | F34: 연락처 | G34: 주소/주요사항 | H34: 에어컨종류/개수/일반&종합 | I34: 계약금 | J34: 잔금 | K34: 합계 | L34: 수당 | M34: 포웨이 3시간
K35: =(I35+J35)*10000 | L35: =K35*L33
K36: =(I36+J36)*10000 | L36: =K36*L33
K37: =(I37+J37)*10000 | L37: =K37*L33
K38: =(I38+J38)*10000 | L38: =K38*L33
K39: =(I39+J39)*10000 | L39: =K39*L33
K40: =(I40+J40)*10000 | L40: =K40*L33
K41: =(I41+J41)*10000 | L41: =K41*L33
K42: =(I42+J42)*10000 | L42: =K42*L33
C43: 부천 중동 기사님 [일정 여유롭게 / 벽/원/스탠드 사무실위주] | K43: 수당률 | L43: 0.5 | M43: 0 | N43: 0
C44: 날짜/예약시간 | E44: 성함 | F44: 연락처 | G44: 주소/주요사항 | H44: 에어컨종류/개수/일반&종합 | I44: 계약금 | J44: 잔금 | K44: 합계 | L44: 수당
K45: =(I45+J45)*10000 | L45: =K45*L43
K46: =(I46+J46)*10000 | L46: =K46*L43
K47: =(I47+J47)*10000 | L47: =K47*L43
K48: =(I48+J48)*10000 | L48: =K48*L43
K49: =(I49+J49)*10000 | L49: =K49*L43
K50: =(I50+J50)*10000 | L50: =K50*L43
K51: =(I51+J51)*10000 | L51: =K51*L43
K52: =(I52+J52)*10000 | L52: =K52*L43
C53: [부천] 김민구 기사님 [ 벽 / 원 / 포 / 스탠드 사무실 위주 ] | K53: 수당률 | L53: 0.5 | M53: 0 | N53: 0
C54: 날짜/예약시간 | E54: 성함 | F54: 연락처 | G54: 주소/주요사항 | H54: 에어컨종류/개수/일반&종합 | I54: 계약금 | J54: 잔금 | K54: 합계 | L54: 수당
K55: =(I55+J55)*10000 | L55: =K55*L53
K56: =(I56+J56)*10000 | L56: =K56*L53
K57: =(I57+J57)*10000 | L57: =K57*L53
K58: =(I58+J58)*10000 | L58: =K58*L53
K59: =(I59+J59)*10000 | L59: =K59*L53
K60: =(I60+J60)*10000 | L60: =K60*L53
K61: =(I61+J61)*10000 | L61: =K61*L53
K62: =(I62+J62)*10000 | L62: =K62*L53
C63: [김포] 구형모 기사님 [ 벽 / 원 / 포 / 스탠드 사무실 위주 ] | K63: 수당률 | L63: 0.5 | M63: 0 | N63: 0
C64: 날짜/예약시간 | E64: 성함 | F64: 연락처 | G64: 주소/주요사항 | H64: 에어컨종류/개수/일반&종합 | I64: 계약금 | J64: 잔금 | K64: 0 | L64: 0
K65: =(I65+J65)*10000 | L65: =K65*L63
K66: =(I66+J66)*10000 | L66: =K66*L63
K67: =(I67+J67)*10000 | L67: =K67*L63
K68: =(I68+J68)*10000 | L68: =K68*L63
K69: =(I69+J69)*10000 | L69: =K69*L63
K70: =(I70+J70)*10000 | L70: =K70*L63
K71: =(I71+J71)*10000 | L71: =K71*L63
K72: =(I72+J72)*10000 | L72: =K72*L63
C73: [김포] 이재원 기사님 [ 벽 / 원 / 포 / 스탠드 사무실 위주 ] | K73: 수당률 | L73: 0.5 | M73: 0 | N73: 0
C74: 날짜/예약시간 | E74: 성함 | F74: 연락처 | G74: 주소/주요사항 | H74: 에어컨종류/개수/일반&종합 | I74: 계약금 | J74: 잔금 | K74: 합계 | L74: 수당
K75: =(I75+J75)*10000 | L75: =K75*L73
K76: =(I76+J76)*10000 | L76: =K76*L73
K77: =(I77+J77)*10000 | L77: =K77*L73
K78: =(I78+J78)*10000 | L78: =K78*L73
K79: =(I79+J79)*10000 | L79: =K79*L73
K80: =(I80+J80)*10000 | L80: =K80*L73
K81: =(I81+J81)*10000 | L81: =K81*L73
K82: =(I82+J82)*10000 | L82: =K82*L73
C83: [인천 계양/토 휴무/일 근무] 선근 기사님 [ 벽 / 원 / 포 ] | K83: 수당률 | L83: 0.5 | M83: 0 | N83: 0
C84: 날짜/예약시간 | E84: 성함 | F84: 연락처 | G84: 주소/주요사항 | H84: 에어컨종류/개수/일반&종합 | I84: 계약금 | J84: 잔금 | K84: 합계 | L84: 수당
K85: =(I85+J85)*10000 | L85: =K85*L83
K86: =(I86+J86)*10000 | L86: =K86*L83
K87: =(I87+J87)*10000 | L87: =K87*L83
K88: =(I88+J88)*10000 | L88: =K88*L83
K89: =(I89+J89)*10000 | L89: =K89*L83
K90: =(I90+J90)*10000 | L90: =K90*L83
K91: =(I91+J91)*10000 | L91: =K91*L83
K92: =(I92+J92)*10000 | L92: =K92*L83
C93: [마포구/화토일 휴무] 지니 기사님 [벽걸이만 하루 4개] | K93: 수당률 | L93: 0.5 | M93: 0 | N93: 0
C94: 날짜/예약시간 | E94: 성함 | F94: 연락처 | G94: 주소/주요사항 | H94: 에어컨종류/개수/일반&종합 | I94: 계약금 | J94: 잔금 | K94: 합계 | L94: 수당
K95: =(I95+J95)*10000 | L95: =K95*L90
K96: =(I96+J96)*10000 | L96: =K96*L90
K97: =(I97+J97)*10000 | L97: =K97*L90
K98: =(I98+J98)*10000 | L98: =K98*L90
G99: 벽걸이 대수가 4개여야 합니다 (3시 마지막) | K99: 0 | L99: 0
K100: 0 | L100: 0
K101: 0 | L101: 0
...

Sheet 4
C1: =DATE(년,월,_xlfn.SHEET()) -> 25569.375 | P1: 금일 매출
C3: 아무것도 잡지마세요 | K3: 수당률 | M3: =SUM(K5:K12) | N3: =SUM(L5:L12)
B4: NO. | C4: 날짜/예약시간 | E4: 성함 | F4: 연락처 | G4: 주소/주요사항 | H4: 에어컨종류/개수/일반&종합 | I4: 계약금 | J4: 잔금 | K4: 합계 | L4: 수당 | P4: 순이익 | Q4: =P10-R10
B5: 1 | K5: =(I5+J5)*10000 | L5: =K5*L3
B6: 2 | K6: =(I6+J6)*10000 | L6: =K6*L3
B7: 3 | K7: =(I7+J7)*10000 | L7: =K7*L3 | P7: 수입 | R7: 지출
B8: 4 | K8: =(I8+J8)*10000 | L8: =K8*L3 | P8: 계약 | Q8: 기타 | R8: 수당비 | S8: 광고비 | T8: 기타
B9: 5 | K9: =(I9+J9)*10000 | L9: =K9*L3 | P9: =SUM(M:M) | R9: =SUM(N:N)
B10: 6 | K10: =(I10+J10)*10000 | L10: =K10*L3 | P10: =SUM(P9:Q9) | R10: =SUM(R9:T9)
B11: 7 | K11: =(I11+J11)*10000 | L11: =K11*L3
B12: 8 | K12: =(I12+J12)*10000 | L12: =K12*L3
C13: [인천시] 김의덕 기사님 [일정 여유롭게 / 벽/원/포/스탠드 사무실위주/고층사다리] | K13: 수당률 | L13: 0.5 | M13: =SUM(K15:K22) | N13: =SUM(L15:L22)
B14: NO. | C14: 날짜/예약시간 | E14: 성함 | F14: 연락처 | G14: 주소/주요사항 | H14: 에어컨종류/개수/일반&종합 | I14: 계약금 | J14: 잔금 | K14: 합계 | L14: 수당 | M14: 고층사다리
B15: 1 | K15: =(I15+J15)*10000 | L15: =K15*L13
B16: 2 | K16: =(I16+J16)*10000 | L16: =K16*L13
B17: 3 | K17: =(I17+J17)*10000 | L17: =K17*L13
B18: 4 | K18: =(I18+J18)*10000 | L18: =K18*L13
B19: 5 | K19: =(I19+J19)*10000 | L19: =K19*L13
B20: 6 | K20: =(I20+J20)*10000 | L20: =K20*L13
B21: 7 | K21: =(I21+J21)*10000 | L21: =K21*L13
B22: 8 | K22: =(I22+J22)*10000 | L22: =K22*L13
C23: [인천 서구/격주토요휴무] 신국관 기사님 [벽/원/포] | K23: 수당률 | L23: 0.5 | M23: =SUM(K25:K32) | N23: =SUM(L25:L32)
B24: NO. | C24: 날짜/예약시간 | E24: 성함 | F24: 연락처 | G24: 주소/주요사항 | H24: 에어컨종류/개수/일반&종합 | I24: 계약금 | J24: 잔금 | K24: 합계 | L24: 수당
B25: 1 | G25: 10시부터 일정 잡아주세요 | K25: =(I25+J25)*10000 | L25: =K25*L23
B26: 2 | K26: =(I26+J26)*10000 | L26: =K26*L23
B27: 3 | K27: =(I27+J27)*10000 | L27: =K27*L23
B28: 4 | K28: =(I28+J28)*10000 | L28: =K28*L23
B29: 5 | K29: =(I29+J29)*10000 | L29: =K29*L23
B30: 6 | K30: =(I30+J30)*10000 | L30: =K30*L23
B31: 7 | K31: =(I31+J31)*10000 | L31: =K31*L23
B32: 8 | K32: =(I32+J32)*10000 | L32: =K32*L23
C33: [김포시] 전상현 기사님 [일정 여유롭게 / 벽/원/스탠드 사무실위주/통] | K33: 수당률 | L33: 0.5 | M33: =SUM(K35:K42) | N33: =SUM(L35:L42)
C34: 날짜/예약시간 | E34: 성함 | F34: 연락처 | G34: 주소/주요사항 | H34: 에어컨종류/개수/일반&종합 | I34: 계약금 | J34: 잔금 | K34: 합계 | L34: 수당 | M34: 포웨이 3시간
K35: =(I35+J35)*10000 | L35: =K35*L33
K36: =(I36+J36)*10000 | L36: =K36*L33
K37: =(I37+J37)*10000 | L37: =K37*L33
K38: =(I38+J38)*10000 | L38: =K38*L33
K39: =(I39+J39)*10000 | L39: =K39*L33
K40: =(I40+J40)*10000 | L40: =K40*L33
K41: =(I41+J41)*10000 | L41: =K41*L33
K42: =(I42+J42)*10000 | L42: =K42*L33
C43: 부천 중동 기사님 [일정 여유롭게 / 벽/원/스탠드 사무실위주] | K43: 수당률 | L43: 0.5 | M43: =SUM(K45:K52) | N43: =SUM(L45:L52)
C44: 날짜/예약시간 | E44: 성함 | F44: 연락처 | G44: 주소/주요사항 | H44: 에어컨종류/개수/일반&종합 | I44: 계약금 | J44: 잔금 | K44: 합계 | L44: 수당
K45: =(I45+J45)*10000 | L45: =K45*L43
K46: =(I46+J46)*10000 | L46: =K46*L43
K47: =(I47+J47)*10000 | L47: =K47*L43
K48: =(I48+J48)*10000 | L48: =K48*L43
K49: =(I49+J49)*10000 | L49: =K49*L43
K50: =(I50+J50)*10000 | L50: =K50*L43
K51: =(I51+J51)*10000 | L51: =K51*L43
K52: =(I52+J52)*10000 | L52: =K52*L43
C53: [부천] 김민구 기사님 [ 벽 / 원 / 포 / 스탠드 사무실 위주 ] | K53: 수당률 | L53: 0.5 | M53: =SUM(K55:K62) | N53: =SUM(L55:L62)
C54: 날짜/예약시간 | E54: 성함 | F54: 연락처 | G54: 주소/주요사항 | H54: 에어컨종류/개수/일반&종합 | I54: 계약금 | J54: 잔금 | K54: 합계 | L54: 수당
K55: =(I55+J55)*10000 | L55: =K55*L53
K56: =(I56+J56)*10000 | L56: =K56*L53
K57: =(I57+J57)*10000 | L57: =K57*L53
K58: =(I58+J58)*10000 | L58: =K58*L53
K59: =(I59+J59)*10000 | L59: =K59*L53
K60: =(I60+J60)*10000 | L60: =K60*L53
K61: =(I61+J61)*10000 | L61: =K61*L53
K62: =(I62+J62)*10000 | L62: =K62*L53
C63: [김포] 구형모 기사님 [ 벽 / 원 / 포 / 스탠드 사무실 위주 ] | K63: 수당률 | L63: 0.5 | M63: =SUM(K65:K72) | N63: =SUM(L65:L72)
C64: 날짜/예약시간 | E64: 성함 | F64: 연락처 | G64: 주소/주요사항 | H64: 에어컨종류/개수/일반&종합 | I64: 계약금 | J64: 잔금 | K64: 0 | L64: 0
K65: =(I65+J65)*10000 | L65: =K65*L63
K66: =(I66+J66)*10000 | L66: =K66*L63
K67: =(I67+J67)*10000 | L67: =K67*L63
K68: =(I68+J68)*10000 | L68: =K68*L63
K69: =(I69+J69)*10000 | L69: =K69*L63
K70: =(I70+J70)*10000 | L70: =K70*L63
K71: =(I71+J71)*10000 | L71: =K71*L63
K72: =(I72+J72)*10000 | L72: =K72*L63
C73: [김포] 이재원 기사님 [ 벽 / 원 / 포 / 스탠드 사무실 위주 ] | K73: 수당률 | L73: 0.5 | M73: =SUM(K75:K82) | N73: =SUM(L75:L82)
C74: 날짜/예약시간 | E74: 성함 | F74: 연락처 | G74: 주소/주요사항 | H74: 에어컨종류/개수/일반&종합 | I74: 계약금 | J74: 잔금 | K74: 합계 | L74: 수당
K75: =(I75+J75)*10000 | L75: =K75*L73
K76: =(I76+J76)*10000 | L76: =K76*L73
K77: =(I77+J77)*10000 | L77: =K77*L73
K78: =(I78+J78)*10000 | L78: =K78*L73
K79: =(I79+J79)*10000 | L79: =K79*L73
K80: =(I80+J80)*10000 | L80: =K80*L73
K81: =(I81+J81)*10000 | L81: =K81*L73
K82: =(I82+J82)*10000 | L82: =K82*L73
C83: [인천 계양/토 휴무/일 근무] 선근 기사님 [ 벽 / 원 / 포 ] | K83: 수당률 | L83: 0.5 | M83: =SUM(K85:K92) | N83: =SUM(L85:L92)
C84: 날짜/예약시간 | E84: 성함 | F84: 연락처 | G84: 주소/주요사항 | H84: 에어컨종류/개수/일반&종합 | I84: 계약금 | J84: 잔금 | K84: 합계 | L84: 수당
K85: =(I85+J85)*10000 | L85: =K85*L83
K86: =(I86+J86)*10000 | L86: =K86*L83
K87: =(I87+J87)*10000 | L87: =K87*L83
C88: 4 | D88: 2시 | E88: 한성주 | F88: 010 7397 1532 | G88: 시흥시 배곧4로 106-26 한신 더휴 아파트1009동 1801호 | H88: 원웨이 종합 4대 | I88: 3 | J88: 25 | K88: =(I88+J88)*10000 | L88: =K88*L83
K89: =(I89+J89)*10000 | L89: =K89*L83
K90: =(I90+J90)*10000 | L90: =K90*L83
K91: =(I91+J91)*10000 | L91: =K91*L83
K92: =(I92+J92)*10000 | L92: =K92*L83
C93: [마포구/화토일 휴무] 지니 기사님 [벽걸이만 하루 4개] | K93: 수당률 | L93: 0.5 | M93: =SUM(K95:K102) | N93: =SUM(L95:L102)
C94: 날짜/예약시간 | E94: 성함 | F94: 연락처 | G94: 주소/주요사항 | H94: 에어컨종류/개수/일반&종합 | I94: 계약금 | J94: 잔금 | K94: 합계 | L94: 수당
K95: =(I95+J95)*10000 | L95: =K95*L90
K96: =(I96+J96)*10000 | L96: =K96*L90
K97: =(I97+J97)*10000 | L97: =K97*L90
K98: =(I98+J98)*10000 | L98: =K98*L90
G99: 벽걸이 대수가 4개여야 합니다 (3시 마지막) | K99: 0 | L99: 0
K100: 0 | L100: 0
K101: 0 | L101: 0
...

Sheet 5
C1: =DATE(년,월,_xlfn.SHEET()) -> 25569.375 | P1: 금일 매출
C3: 아무것도 잡지마세요 | K3: 수당률 | M3: =SUM(K5:K12) | N3: =SUM(L5:L12)
B4: NO. | C4: 날짜/예약시간 | E4: 성함 | F4: 연락처 | G4: 주소/주요사항 | H4: 에어컨종류/개수/일반&종합 | I4: 계약금 | J4: 잔금 | K4: 합계 | L4: 수당 | P4: 순이익 | Q4: =P10-R10
B5: 1 | K5: =(I5+J5)*10000 | L5: =K5*L3
B6: 2 | K6: =(I6+J6)*10000 | L6: =K6*L3
B7: 3 | K7: =(I7+J7)*10000 | L7: =K7*L3 | P7: 수입 | R7: 지출
B8: 4 | K8: =(I8+J8)*10000 | L8: =K8*L3 | P8: 계약 | Q8: 기타 | R8: 수당비 | S8: 광고비 | T8: 기타
B9: 5 | K9: =(I9+J9)*10000 | L9: =K9*L3 | P9: =SUM(M:M) | R9: =SUM(N:N)
B10: 6 | K10: =(I10+J10)*10000 | L10: =K10*L3 | P10: =SUM(P9:Q9) | R10: =SUM(R9:T9)
B11: 7 | K11: =(I11+J11)*10000 | L11: =K11*L3
B12: 8 | K12: =(I12+J12)*10000 | L12: =K12*L3
C13: [인천시] 김의덕 기사님 [일정 여유롭게 / 벽/원/포/스탠드 사무실위주/고층사다리] | K13: 수당률 | L13: 0.5 | M13: =SUM(K15:K22) | N13: =SUM(L15:L22)
B14: NO. | C14: 날짜/예약시간 | E14: 성함 | F14: 연락처 | G14: 주소/주요사항 | H14: 에어컨종류/개수/일반&종합 | I14: 계약금 | J14: 잔금 | K14: 합계 | L14: 수당 | M14: 고층사다리
B15: 1 | K15: =(I15+J15)*10000 | L15: =K15*L13
B16: 2 | C16: 5 | D16: 11시 | E16: 김송이 | F16: 010-3942-1932 | G16: 경기도 수원시 권선구 서호서로25 303호 [세척 완료 후 전액 카드결제, 예약금 반환] | H16: 엘지 위너 투인원 종합 | I16: 3 | J16: 12 | K16: =(I16+J16)*10000 | L16: =K16*L13
B17: 3 | K17: =(I17+J17)*10000 | L17: =K17*L13
B18: 4 | K18: =(I18+J18)*10000 | L18: =K18*L13
B19: 5 | K19: =(I19+J19)*10000 | L19: =K19*L13
B20: 6 | K20: =(I20+J20)*10000 | L20: =K20*L13
B21: 7 | K21: =(I21+J21)*10000 | L21: =K21*L13
B22: 8 | K22: =(I22+J22)*10000 | L22: =K22*L13
C23: [인천 서구/격주토요휴무] 신국관 기사님 [벽/원/포] | K23: 수당률 | L23: 0.5 | M23: =SUM(K25:K32) | N23: =SUM(L25:L32)
B24: NO. | C24: 날짜/예약시간 | E24: 성함 | F24: 연락처 | G24: 주소/주요사항 | H24: 에어컨종류/개수/일반&종합 | I24: 계약금 | J24: 잔금 | K24: 합계 | L24: 수당
B25: 1 | G25: 10시부터 일정 잡아주세요 | K25: =(I25+J25)*10000 | L25: =K25*L23
B26: 2 | C26: 5 | D26: 10시! | E26: 마동차 황태림 | F26: 010-7770-9803 | G26: 서초구 서초동 1600-4 | H26: 원웨이 종합 | I26: 3 | J26: 5 | K26: =(I26+J26)*10000 | L26: =K26*L23
B27: 3 | K27: =(I27+J27)*10000 | L27: =K27*L23
B28: 4 | C28: 5 | D28: 2시~3시 | E28: 김혜영 | F28: 010-8000-2503 | G28: 파주시 송학1길 123 프리덴 302호 | H28: 원웨이 종합 2대 | I28: 3 | J28: 13 | K28: =(I28+J28)*10000 | L28: =K28*L23
B29: 5 | K29: =(I29+J29)*10000 | L29: =K29*L23
B30: 6 | K30: =(I30+J30)*10000 | L30: =K30*L23
B31: 7 | K31: =(I31+J31)*10000 | L31: =K31*L23
B32: 8 | K32: =(I32+J32)*10000 | L32: =K32*L23
C33: [김포시] 전상현 기사님 [일정 여유롭게 / 벽/원/스탠드 사무실위주/통] | K33: 수당률 | L33: 0.5 | M33: =SUM(K35:K42) | N33: =SUM(L35:L42)
C34: 날짜/예약시간 | E34: 성함 | F34: 연락처 | G34: 주소/주요사항 | H34: 에어컨종류/개수/일반&종합 | I34: 계약금 | J34: 잔금 | K34: 합계 | L34: 수당 | M34: 포웨이 3시간
K35: =(I35+J35)*10000 | L35: =K35*L33
K36: =(I36+J36)*10000 | L36: =K36*L33
C37: 5 | D37: 11시~12시 | E37: 이아름솔 | F37: 010-3020-9826 | G37: 시흥시 은계중앙로 325, 107동 1303호 | H37: 엘지 위너 투인원 종합 | I37: 3 | J37: 13 | K37: =(I37+J37)*10000 | L37: =K37*L33
K38: =(I38+J38)*10000 | L38: =K38*L33
K39: =(I39+J39)*10000 | L39: =K39*L33
K40: =(I40+J40)*10000 | L40: =K40*L33
K41: =(I41+J41)*10000 | L41: =K41*L33
K42: =(I42+J42)*10000 | L42: =K42*L33
C43: 부천 중동 기사님 [일정 여유롭게 / 벽/원/스탠드 사무실위주] | K43: 수당률 | L43: 0.5 | M43: =SUM(K45:K52) | N43: =SUM(L45:L52)
C44: 날짜/예약시간 | E44: 성함 | F44: 연락처 | G44: 주소/주요사항 | H44: 에어컨종류/개수/일반&종합 | I44: 계약금 | J44: 잔금 | K44: 합계 | L44: 수당
K45: =(I45+J45)*10000 | L45: =K45*L43
K46: =(I46+J46)*10000 | L46: =K46*L43
K47: =(I47+J47)*10000 | L47: =K47*L43
K48: =(I48+J48)*10000 | L48: =K48*L43
K49: =(I49+J49)*10000 | L49: =K49*L43
K50: =(I50+J50)*10000 | L50: =K50*L43
K51: =(I51+J51)*10000 | L51: =K51*L43
K52: =(I52+J52)*10000 | L52: =K52*L43
C53: [부천] 김민구 기사님 [ 벽 / 원 / 포 / 스탠드 사무실 위주 ] | K53: 수당률 | L53: 0.5 | M53: =SUM(K55:K62) | N53: =SUM(L55:L62)
C54: 날짜/예약시간 | E54: 성함 | F54: 연락처 | G54: 주소/주요사항 | H54: 에어컨종류/개수/일반&종합 | I54: 계약금 | J54: 잔금 | K54: 합계 | L54: 수당
K55: =(I55+J55)*10000 | L55: =K55*L53
K56: =(I56+J56)*10000 | L56: =K56*L53
C57: 5 | D57: 11시~12시 | E57: 김미주 | F57: 010-6878-2046 | G57: 중랑구 면목로65길 48 벨라리움 102동 401호 | H57: 원웨이 종합 | I57: 3 | J57: 5 | K57: =(I57+J57)*10000 | L57: =K57*L53
C58: 5 | D58: 1시~2시 | E58: 박종환 | F58: 010-8789-0448 | G58: 서대문구 문화촌길6-24 문화촌현대아파트 103동1405호 | H58: 삼성 연아 2구 스탠드 | I58: 3 | J58: 19 | K58: =(I58+J58)*10000 | L58: =K58*L53
C59: 5 | D59: 앞 집 직후 | E59: 박종환 | F59: 010-8789-0448 | G59: 서대문구 문화촌길6-24 문화촌현대아파트 103동1009호 | H59: 엘지 위너 스탠드 | K59: =(I59+J59)*10000 | L59: =K59*L53
K60: =(I60+J60)*10000 | L60: =K60*L53
K61: =(I61+J61)*10000 | L61: =K61*L53
K62: =(I62+J62)*10000 | L62: =K62*L53
C63: [김포] 구형모 기사님 [ 벽 / 원 / 포 / 스탠드 사무실 위주 ] | K63: 수당률 | L63: 0.5 | M63: =SUM(K65:K72) | N63: =SUM(L65:L72)
C64: 날짜/예약시간 | E64: 성함 | F64: 연락처 | G64: 주소/주요사항 | H64: 에어컨종류/개수/일반&종합 | I64: 계약금 | J64: 잔금 | K64: 0 | L64: 0
C65: 5 | D65: 9시~10시 | E65: 장혜선 | F65: 010-8000-4954 | G65: 성동구 응봉동 100 대림 1차 아파트 9-504 | H65: 삼성 무풍 2구 투인원 종합 | I65: 3 | J65: 13 | K65: =(I65+J65)*10000 | L65: =K65*L63
C66: 5 | D66: 10시~11시 | E66: 황형서 | F66: 010-4441-2512 | G66: 용산구 효창원로37(신창동 56-34) | H66: 원웨이 2대 종합 | I66: 3 | J66: 13 | K66: =(I66+J66)*10000 | L66: =K66*L63
K67: =(I67+J67)*10000 | L67: =K67*L63
K68: =(I68+J68)*10000 | L68: =K68*L63
K69: =(I69+J69)*10000 | L69: =K69*L63
K70: =(I70+J70)*10000 | L70: =K70*L63
K71: =(I71+J71)*10000 | L71: =K71*L63
K72: =(I72+J72)*10000 | L72: =K72*L63
C73: [김포] 이재원 기사님 [ 벽 / 원 / 포 / 스탠드 사무실 위주 ] | K73: 수당률 | L73: 0.5 | M73: =SUM(K75:K82) | N73: =SUM(L75:L82)
C74: 날짜/예약시간 | E74: 성함 | F74: 연락처 | G74: 주소/주요사항 | H74: 에어컨종류/개수/일반&종합 | I74: 계약금 | J74: 잔금 | K74: 합계 | L74: 수당
K75: =(I75+J75)*10000 | L75: =K75*L73
K76: =(I76+J76)*10000 | L76: =K76*L73
K77: =(I77+J77)*10000 | L77: =K77*L73
K78: =(I78+J78)*10000 | L78: =K78*L73
K79: =(I79+J79)*10000 | L79: =K79*L73
K80: =(I80+J80)*10000 | L80: =K80*L73
K81: =(I81+J81)*10000 | L81: =K81*L73
K82: =(I82+J82)*10000 | L82: =K82*L73
C83: [인천 계양/토 휴무/일 근무] 선근 기사님 [ 벽 / 원 / 포 ] | K83: 수당률 | L83: 0.5 | M83: =SUM(K85:K92) | N83: =SUM(L85:L92)
C84: 날짜/예약시간 | E84: 성함 | F84: 연락처 | G84: 주소/주요사항 | H84: 에어컨종류/개수/일반&종합 | I84: 계약금 | J84: 잔금 | K84: 합계 | L84: 수당
K85: =(I85+J85)*10000 | L85: =K85*L83
K86: =(I86+J86)*10000 | L86: =K86*L83
K87: =(I87+J87)*10000 | L87: =K87*L83
K88: =(I88+J88)*10000 | L88: =K88*L83
K89: =(I89+J89)*10000 | L89: =K89*L83
K90: =(I90+J90)*10000 | L90: =K90*L83
K91: =(I91+J91)*10000 | L91: =K91*L83
K92: =(I92+J92)*10000 | L92: =K92*L83
K93: 수당률 | L93: 0.5 | M93: 0 | N93: 0
C94: 날짜/예약시간 | E94: 성함 | F94: 연락처 | G94: 주소/주요사항 | H94: 에어컨종류/개수/일반&종합 | I94: 계약금 | J94: 잔금 | K94: 합계 | L94: 수당
K95: =(I95+J95)*10000 | L95: =K95*L90
K96: =(I96+J96)*10000 | L96: =K96*L90
K97: =(I97+J97)*10000 | L97: =K97*L90
K98: =(I98+J98)*10000 | L98: =K98*L90
G99: 벽걸이 대수가 4개여야 합니다 (3시 마지막) | K99: 0 | L99: 0
K100: 0 | L100: 0
K101: 0 | L101: 0
...

Sheet 6
C1: =DATE(년,월,_xlfn.SHEET()) -> 25569.375 | P1: 금일 매출
C3: 아무것도 잡지마세요 | K3: 수당률 | M3: =SUM(K5:K12) | N3: =SUM(L5:L12)
B4: NO. | C4: 날짜/예약시간 | E4: 성함 | F4: 연락처 | G4: 주소/주요사항 | H4: 에어컨종류/개수/일반&종합 | I4: 계약금 | J4: 잔금 | K4: 합계 | L4: 수당 | P4: 순이익 | Q4: =P10-R10
B5: 1 | K5: =(I5+J5)*10000 | L5: =K5*L3
B6: 2 | K6: =(I6+J6)*10000 | L6: =K6*L3
B7: 3 | K7: =(I7+J7)*10000 | L7: =K7*L3 | P7: 수입 | R7: 지출
B8: 4 | K8: =(I8+J8)*10000 | L8: =K8*L3 | P8: 계약 | Q8: 기타 | R8: 수당비 | S8: 광고비 | T8: 기타
B9: 5 | K9: =(I9+J9)*10000 | L9: =K9*L3 | P9: =SUM(M:M) | R9: =SUM(N:N)
B10: 6 | K10: =(I10+J10)*10000 | L10: =K10*L3 | P10: =SUM(P9:Q9) | R10: =SUM(R9:T9)
B11: 7 | K11: =(I11+J11)*10000 | L11: =K11*L3
B12: 8 | K12: =(I12+J12)*10000 | L12: =K12*L3
C13: [인천시] 김의덕 기사님 [일정 여유롭게 / 벽/원/포/스탠드 사무실위주/고층사다리] | K13: 수당률 | L13: 0.5 | M13: =SUM(K15:K22) | N13: =SUM(L15:L22) | P13: 금주 매출
B14: NO. | C14: 날짜/예약시간 | E14: 성함 | F14: 연락처 | G14: 주소/주요사항 | H14: 에어컨종류/개수/일반&종합 | I14: 계약금 | J14: 잔금 | K14: 합계 | L14: 수당 | M14: 고층사다리
B15: 1 | K15: =(I15+J15)*10000 | L15: =K15*L13 | P15: 순이익 | Q15: =P21-R21
B16: 2 | K16: =(I16+J16)*10000 | L16: =K16*L13
B17: 3 | K17: =(I17+J17)*10000 | L17: =K17*L13
B18: 4 | K18: =(I18+J18)*10000 | L18: =K18*L13 | P18: 수입 | R18: 지출
B19: 5 | K19: =(I19+J19)*10000 | L19: =K19*L13 | P19: 계약 | Q19: 기타 | R19: 수당비 | S19: 광고비 | T19: 기타
B20: 6 | K20: =(I20+J20)*10000 | L20: =K20*L13 | P20: =SUM(P9,'8'!P9,'7'!P9,'6'!P9,'5'!P9,'4'!P9,'3'!P9) | Q20: =SUM(Q9,'8'!Q9,'7'!Q9,'6'!Q9,'5'!Q9,'4'!Q9,'3'!Q9) | R20: =SUM(R9,'8'!R9,'7'!R9,'6'!R9,'5'!R9,'4'!R9,'3'!R9) | S20: =SUM(S9,'8'!S9,'7'!S9,'6'!S9,'5'!S9,'4'!S9,'3'!S9) | T20: =SUM(T9,'8'!T9,'7'!T9,'6'!T9,'5'!T9,'4'!T9,'3'!T9)
B21: 7 | K21: =(I21+J21)*10000 | L21: =K21*L13 | P21: =SUM(P20:Q20) | R21: =SUM(R20:T20)
B22: 8 | K22: =(I22+J22)*10000 | L22: =K22*L13
C23: [인천 서구/격주토요휴무] 신국관 기사님 [벽/원/포] | K23: 수당률 | L23: 0.5 | M23: =SUM(K25:K32) | N23: =SUM(L25:L32)
B24: NO. | C24: 날짜/예약시간 | E24: 성함 | F24: 연락처 | G24: 주소/주요사항 | H24: 에어컨종류/개수/일반&종합 | I24: 계약금 | J24: 잔금 | K24: 합계 | L24: 수당
B25: 1 | G25: 10시부터 일정 잡아주세요 | K25: =(I25+J25)*10000 | L25: =K25*L23
B26: 2 | K26: =(I26+J26)*10000 | L26: =K26*L23
B27: 3 | K27: =(I27+J27)*10000 | L27: =K27*L23
B28: 4 | K28: =(I28+J28)*10000 | L28: =K28*L23
B29: 5 | K29: =(I29+J29)*10000 | L29: =K29*L23
B30: 6 | K30: =(I30+J30)*10000 | L30: =K30*L23
B31: 7 | K31: =(I31+J31)*10000 | L31: =K31*L23
B32: 8 | K32: =(I32+J32)*10000 | L32: =K32*L23
C33: [김포시] 전상현 기사님 [일정 여유롭게 / 벽/원/스탠드 사무실위주/통] | K33: 수당률 | L33: 0.5 | M33: =SUM(K35:K42) | N33: =SUM(L35:L42)
C34: 날짜/예약시간 | E34: 성함 | F34: 연락처 | G34: 주소/주요사항 | H34: 에어컨종류/개수/일반&종합 | I34: 계약금 | J34: 잔금 | K34: 합계 | L34: 수당 | M34: 포웨이 3시간
K35: =(I35+J35)*10000 | L35: =K35*L33
K36: =(I36+J36)*10000 | L36: =K36*L33
K37: =(I37+J37)*10000 | L37: =K37*L33
K38: =(I38+J38)*10000 | L38: =K38*L33
K39: =(I39+J39)*10000 | L39: =K39*L33
K40: =(I40+J40)*10000 | L40: =K40*L33
K41: =(I41+J41)*10000 | L41: =K41*L33
K42: =(I42+J42)*10000 | L42: =K42*L33
C43: 부천 중동 기사님 [일정 여유롭게 / 벽/원/스탠드 사무실위주] | K43: 수당률 | L43: 0.5 | M43: 0 | N43: 0
C44: 날짜/예약시간 | E44: 성함 | F44: 연락처 | G44: 주소/주요사항 | H44: 에어컨종류/개수/일반&종합 | I44: 계약금 | J44: 잔금 | K44: 합계 | L44: 수당
K45: =(I45+J45)*10000 | L45: =K45*L43
K46: =(I46+J46)*10000 | L46: =K46*L43
K47: =(I47+J47)*10000 | L47: =K47*L43
K48: =(I48+J48)*10000 | L48: =K48*L43
K49: =(I49+J49)*10000 | L49: =K49*L43
K50: =(I50+J50)*10000 | L50: =K50*L43
K51: =(I51+J51)*10000 | L51: =K51*L43
K52: =(I52+J52)*10000 | L52: =K52*L43
C53: [부천] 김민구 기사님 [ 벽 / 원 / 포 / 스탠드 사무실 위주 ] | K53: 수당률 | L53: 0.5 | M53: 0 | N53: 0
C54: 날짜/예약시간 | E54: 성함 | F54: 연락처 | G54: 주소/주요사항 | H54: 에어컨종류/개수/일반&종합 | I54: 계약금 | J54: 잔금 | K54: 합계 | L54: 수당
K55: =(I55+J55)*10000 | L55: =K55*L53
K56: =(I56+J56)*10000 | L56: =K56*L53
K57: =(I57+J57)*10000 | L57: =K57*L53
K58: =(I58+J58)*10000 | L58: =K58*L53
K59: =(I59+J59)*10000 | L59: =K59*L53
K60: =(I60+J60)*10000 | L60: =K60*L53
K61: =(I61+J61)*10000 | L61: =K61*L53
K62: =(I62+J62)*10000 | L62: =K62*L53
C63: [김포] 구형모 기사님 [ 벽 / 원 / 포 / 스탠드 사무실 위주 ] | K63: 수당률 | L63: 0.5 | M63: 0 | N63: 0
C64: 날짜/예약시간 | E64: 성함 | F64: 연락처 | G64: 주소/주요사항 | H64: 에어컨종류/개수/일반&종합 | I64: 계약금 | J64: 잔금 | K64: 0 | L64: 0
K65: =(I65+J65)*10000 | L65: =K65*L63
K66: =(I66+J66)*10000 | L66: =K66*L63
K67: =(I67+J67)*10000 | L67: =K67*L63
K68: =(I68+J68)*10000 | L68: =K68*L63
K69: =(I69+J69)*10000 | L69: =K69*L63
K70: =(I70+J70)*10000 | L70: =K70*L63
K71: =(I71+J71)*10000 | L71: =K71*L63
K72: =(I72+J72)*10000 | L72: =K72*L63
C73: [김포] 이재원 기사님 [ 벽 / 원 / 포 / 스탠드 사무실 위주 ] | K73: 수당률 | L73: 0.5 | M73: 0 | N73: 0
C74: 날짜/예약시간 | E74: 성함 | F74: 연락처 | G74: 주소/주요사항 | H74: 에어컨종류/개수/일반&종합 | I74: 계약금 | J74: 잔금 | K74: 합계 | L74: 수당
K75: =(I75+J75)*10000 | L75: =K75*L73
K76: =(I76+J76)*10000 | L76: =K76*L73
K77: =(I77+J77)*10000 | L77: =K77*L73
K78: =(I78+J78)*10000 | L78: =K78*L73
K79: =(I79+J79)*10000 | L79: =K79*L73
K80: =(I80+J80)*10000 | L80: =K80*L73
K81: =(I81+J81)*10000 | L81: =K81*L73
K82: =(I82+J82)*10000 | L82: =K82*L73
C83: [인천 계양/토 휴무/일 근무] 선근 기사님 [ 벽 / 원 / 포 ] | K83: 수당률 | L83: 0.5 | M83: =SUM(K85:K92) | N83: =SUM(L85:L92)
C84: 날짜/예약시간 | E84: 성함 | F84: 연락처 | G84: 주소/주요사항 | H84: 에어컨종류/개수/일반&종합 | I84: 계약금 | J84: 잔금 | K84: 합계 | L84: 수당
C85: 6 | D85: 9시~10시 | E85: 김시현 | F85: 010-9398-3227 | G85: 성동구 성수일로10길 26 상가동 114호 사거리찌개집 1. 기름때 제거비 > 1~3만원 발생 가능 | H85: 포웨이 종합 | I85: 3 | J85: 8 | K85: =(I85+J85)*10000 | L85: =K85*L83
K86: =(I86+J86)*10000 | L86: =K86*L83
K87: =(I87+J87)*10000 | L87: =K87*L83
C88: 6 | D88: 1시~2시 | E88: 남영현 | F88: 010-6862-5529 | G88: 강서구 공항대로 46길 9 연우넥스트뷰 602호 1. 고층 사다리 대여 가능 여부 확인 필요 > 층고추가금 수당에 포함 | H88: 원웨이 종합 | I88: 3 | J88: 6 | K88: =(I88+J88)*10000 | L88: =K88*L83
K89: =(I89+J89)*10000 | L89: =K89*L83
K90: =(I90+J90)*10000 | L90: =K90*L83
K91: =(I91+J91)*10000 | L91: =K91*L83
K92: =(I92+J92)*10000 | L92: =K92*L83
C93: [마포구/화토일 휴무] 지니 기사님 [벽걸이만 하루 4개] | K93: 수당률 | L93: 0.5 | M93: 0 | N93: 0
C94: 날짜/예약시간 | E94: 성함 | F94: 연락처 | G94: 주소/주요사항 | H94: 에어컨종류/개수/일반&종합 | I94: 계약금 | J94: 잔금 | K94: 합계 | L94: 수당
K95: =(I95+J95)*10000 | L95: =K95*L90
K96: =(I96+J96)*10000 | L96: =K96*L90
K97: =(I97+J97)*10000 | L97: =K97*L90
K98: =(I98+J98)*10000 | L98: =K98*L90
G99: 벽걸이 대수가 4개여야 합니다 (3시 마지막) | K99: 0 | L99: 0
K100: 0 | L100: 0
K101: 0 | L101: 0
...

Sheet 8
C1: =DATE(년,월,_xlfn.SHEET()) -> 25569.375 | P1: 금일 매출
C3: 아무것도 잡지마세요 | K3: 수당률 | M3: =SUM(K5:K12) | N3: =SUM(L5:L12)
B4: NO. | C4: 날짜/예약시간 | E4: 성함 | F4: 연락처 | G4: 주소/주요사항 | H4: 에어컨종류/개수/일반&종합 | I4: 계약금 | J4: 잔금 | K4: 합계 | L4: 수당 | P4: 순이익 | Q4: =P10-R10
B5: 1 | K5: =(I5+J5)*10000 | L5: =K5*L3
B6: 2 | K6: =(I6+J6)*10000 | L6: =K6*L3
B7: 3 | K7: =(I7+J7)*10000 | L7: =K7*L3 | P7: 수입 | R7: 지출
B8: 4 | K8: =(I8+J8)*10000 | L8: =K8*L3 | P8: 계약 | Q8: 기타 | R8: 수당비 | S8: 광고비 | T8: 기타
B9: 5 | K9: =(I9+J9)*10000 | L9: =K9*L3 | P9: =SUM(M:M) | R9: =SUM(N:N)
B10: 6 | K10: =(I10+J10)*10000 | L10: =K10*L3 | P10: =SUM(P9:Q9) | R10: =SUM(R9:T9)
B11: 7 | K11: =(I11+J11)*10000 | L11: =K11*L3
B12: 8 | K12: =(I12+J12)*10000 | L12: =K12*L3
C13: [인천시] 김의덕 기사님 [일정 여유롭게 / 벽/원/포/스탠드 사무실위주/고층사다리] | K13: 수당률 | L13: 0.5 | M13: =SUM(K15:K22) | N13: =SUM(L15:L22)
B14: NO. | C14: 날짜/예약시간 | E14: 성함 | F14: 연락처 | G14: 주소/주요사항 | H14: 에어컨종류/개수/일반&종합 | I14: 계약금 | J14: 잔금 | K14: 합계 | L14: 수당 | M14: 고층사다리
B15: 1 | C15: 8 | D15: 9시~10시 | E15: 한숙희 | F15: 010-8976-1227 | G15: 인천 남동구 논현동 은봉로 166번길 27 논현휴먼시아 범마을 211동 103호 | H15: 삼성 무풍 2구 스탠드 | I15: 3 | J15: 8 | K15: =(I15+J15)*10000 | L15: =K15*L13
B16: 2 | K16: =(I16+J16)*10000 | L16: =K16*L13
B17: 3 | K17: =(I17+J17)*10000 | L17: =K17*L13
B18: 4 | K18: =(I18+J18)*10000 | L18: =K18*L13
B19: 5 | K19: =(I19+J19)*10000 | L19: =K19*L13
B20: 6 | K20: =(I20+J20)*10000 | L20: =K20*L13
B21: 7 | K21: =(I21+J21)*10000 | L21: =K21*L13
B22: 8 | K22: =(I22+J22)*10000 | L22: =K22*L13
C23: [인천 서구/격주토요휴무] 신국관 기사님 [벽/원/포] | K23: 수당률 | L23: 0.5 | M23: =SUM(K25:K32) | N23: =SUM(L25:L32)
B24: NO. | C24: 날짜/예약시간 | E24: 성함 | F24: 연락처 | G24: 주소/주요사항 | H24: 에어컨종류/개수/일반&종합 | I24: 계약금 | J24: 잔금 | K24: 합계 | L24: 수당
B25: 1 | G25: 10시부터 일정 잡아주세요 | K25: =(I25+J25)*10000 | L25: =K25*L23
B26: 2 | K26: =(I26+J26)*10000 | L26: =K26*L23
B27: 3 | K27: =(I27+J27)*10000 | L27: =K27*L23
B28: 4 | K28: =(I28+J28)*10000 | L28: =K28*L23
B29: 5 | K29: =(I29+J29)*10000 | L29: =K29*L23
B30: 6 | K30: =(I30+J30)*10000 | L30: =K30*L23
B31: 7 | K31: =(I31+J31)*10000 | L31: =K31*L23
B32: 8 | K32: =(I32+J32)*10000 | L32: =K32*L23
C33: [김포시] 전상현 기사님 [일정 여유롭게 / 벽/원/스탠드 사무실위주/통] | K33: 수당률 | L33: 0.5 | M33: =SUM(K35:K42) | N33: =SUM(L35:L42)
C34: 날짜/예약시간 | E34: 성함 | F34: 연락처 | G34: 주소/주요사항 | H34: 에어컨종류/개수/일반&종합 | I34: 계약금 | J34: 잔금 | K34: 합계 | L34: 수당 | M34: 포웨이 3시간
K35: =(I35+J35)*10000 | L35: =K35*L33
K36: =(I36+J36)*10000 | L36: =K36*L33
K37: =(I37+J37)*10000 | L37: =K37*L33
K38: =(I38+J38)*10000 | L38: =K38*L33
K39: =(I39+J39)*10000 | L39: =K39*L33
K40: =(I40+J40)*10000 | L40: =K40*L33
K41: =(I41+J41)*10000 | L41: =K41*L33
K42: =(I42+J42)*10000 | L42: =K42*L33
C43: 부천 중동 기사님 [일정 여유롭게 / 벽/원/스탠드 사무실위주] | K43: 수당률 | L43: 0.5 | M43: =SUM(K45:K52) | N43: =SUM(L45:L52)
C44: 날짜/예약시간 | E44: 성함 | F44: 연락처 | G44: 주소/주요사항 | H44: 에어컨종류/개수/일반&종합 | I44: 계약금 | J44: 잔금 | K44: 합계 | L44: 수당
K45: =(I45+J45)*10000 | L45: =K45*L43
K46: =(I46+J46)*10000 | L46: =K46*L43
K47: =(I47+J47)*10000 | L47: =K47*L43
K48: =(I48+J48)*10000 | L48: =K48*L43
K49: =(I49+J49)*10000 | L49: =K49*L43
K50: =(I50+J50)*10000 | L50: =K50*L43
K51: =(I51+J51)*10000 | L51: =K51*L43
K52: =(I52+J52)*10000 | L52: =K52*L43
C53: [부천] 김민구 기사님 [ 벽 / 원 / 포 / 스탠드 사무실 위주 ] | K53: 수당률 | L53: 0.5 | M53: =SUM(K55:K62) | N53: =SUM(L55:L62)
C54: 날짜/예약시간 | E54: 성함 | F54: 연락처 | G54: 주소/주요사항 | H54: 에어컨종류/개수/일반&종합 | I54: 계약금 | J54: 잔금 | K54: 합계 | L54: 수당
K55: =(I55+J55)*10000 | L55: =K55*L53
K56: =(I56+J56)*10000 | L56: =K56*L53
K57: =(I57+J57)*10000 | L57: =K57*L53
K58: =(I58+J58)*10000 | L58: =K58*L53
K59: =(I59+J59)*10000 | L59: =K59*L53
K60: =(I60+J60)*10000 | L60: =K60*L53
K61: =(I61+J61)*10000 | L61: =K61*L53
K62: =(I62+J62)*10000 | L62: =K62*L53
C63: [김포] 구형모 기사님 [ 벽 / 원 / 포 / 스탠드 사무실 위주 ] | K63: 수당률 | L63: 0.5 | M63: =SUM(K65:K72) | N63: =SUM(L65:L72)
C64: 날짜/예약시간 | E64: 성함 | F64: 연락처 | G64: 주소/주요사항 | H64: 에어컨종류/개수/일반&종합 | I64: 계약금 | J64: 잔금 | K64: 0 | L64: 0
K65: =(I65+J65)*10000 | L65: =K65*L63
K66: =(I66+J66)*10000 | L66: =K66*L63
K67: =(I67+J67)*10000 | L67: =K67*L63
K68: =(I68+J68)*10000 | L68: =K68*L63
K69: =(I69+J69)*10000 | L69: =K69*L63
K70: =(I70+J70)*10000 | L70: =K70*L63
K71: =(I71+J71)*10000 | L71: =K71*L63
K72: =(I72+J72)*10000 | L72: =K72*L63
C73: [김포] 이재원 기사님 [ 벽 / 원 / 포 / 스탠드 사무실 위주 ] | K73: 수당률 | L73: 0.5 | M73: =SUM(K75:K82) | N73: =SUM(L75:L82)
C74: 날짜/예약시간 | E74: 성함 | F74: 연락처 | G74: 주소/주요사항 | H74: 에어컨종류/개수/일반&종합 | I74: 계약금 | J74: 잔금 | K74: 합계 | L74: 수당
K75: =(I75+J75)*10000 | L75: =K75*L73
K76: =(I76+J76)*10000 | L76: =K76*L73
K77: =(I77+J77)*10000 | L77: =K77*L73
K78: =(I78+J78)*10000 | L78: =K78*L73
K79: =(I79+J79)*10000 | L79: =K79*L73
K80: =(I80+J80)*10000 | L80: =K80*L73
K81: =(I81+J81)*10000 | L81: =K81*L73
K82: =(I82+J82)*10000 | L82: =K82*L73
C83: [인천 계양/토 휴무/일 근무] 선근 기사님 [ 벽 / 원 / 포 ] | K83: 수당률 | L83: 0.5 | M83: =SUM(K85:K92) | N83: =SUM(L85:L92)
C84: 날짜/예약시간 | E84: 성함 | F84: 연락처 | G84: 주소/주요사항 | H84: 에어컨종류/개수/일반&종합 | I84: 계약금 | J84: 잔금 | K84: 합계 | L84: 수당
K85: =(I85+J85)*10000 | L85: =K85*L83
K86: =(I86+J86)*10000 | L86: =K86*L83
K87: =(I87+J87)*10000 | L87: =K87*L83
K88: =(I88+J88)*10000 | L88: =K88*L83
K89: =(I89+J89)*10000 | L89: =K89*L83
K90: =(I90+J90)*10000 | L90: =K90*L83
K91: =(I91+J91)*10000 | L91: =K91*L83
K92: =(I92+J92)*10000 | L92: =K92*L83
C93: [마포구/화토일 휴무] 지니 기사님 [벽걸이만 하루 4개] | K93: 수당률 | L93: 0.5 | M93: 0 | N93: 0
C94: 날짜/예약시간 | E94: 성함 | F94: 연락처 | G94: 주소/주요사항 | H94: 에어컨종류/개수/일반&종합 | I94: 계약금 | J94: 잔금 | K94: 합계 | L94: 수당
K95: =(I95+J95)*10000 | L95: =K95*L90
K96: =(I96+J96)*10000 | L96: =K96*L90
K97: =(I97+J97)*10000 | L97: =K97*L90
K98: =(I98+J98)*10000 | L98: =K98*L90
G99: 벽걸이 대수가 4개여야 합니다 (3시 마지막) | K99: 0 | L99: 0
K100: 0 | L100: 0
K101: 0 | L101: 0
...

Sheet 7
C1: =DATE(년,월,_xlfn.SHEET()) -> 25569.375 | P1: 금일 매출
C3: 아무것도 잡지마세요 | K3: 수당률 | M3: =SUM(K5:K12) | N3: =SUM(L5:L12)
B4: NO. | C4: 날짜/예약시간 | E4: 성함 | F4: 연락처 | G4: 주소/주요사항 | H4: 에어컨종류/개수/일반&종합 | I4: 계약금 | J4: 잔금 | K4: 합계 | L4: 수당 | P4: 순이익 | Q4: =P10-R10
B5: 1 | K5: =(I5+J5)*10000 | L5: =K5*L3
B6: 2 | K6: =(I6+J6)*10000 | L6: =K6*L3
B7: 3 | K7: =(I7+J7)*10000 | L7: =K7*L3 | P7: 수입 | R7: 지출
B8: 4 | K8: =(I8+J8)*10000 | L8: =K8*L3 | P8: 계약 | Q8: 기타 | R8: 수당비 | S8: 광고비 | T8: 기타
B9: 5 | K9: =(I9+J9)*10000 | L9: =K9*L3 | P9: =SUM(M:M) | R9: =SUM(N:N)
B10: 6 | K10: =(I10+J10)*10000 | L10: =K10*L3 | P10: =SUM(P9:Q9) | R10: =SUM(R9:T9)
B11: 7 | K11: =(I11+J11)*10000 | L11: =K11*L3
B12: 8 | K12: =(I12+J12)*10000 | L12: =K12*L3
C13: [인천시] 김의덕 기사님 [일정 여유롭게 / 벽/원/포/스탠드 사무실위주/고층사다리] | K13: 수당률 | L13: 0.5 | M13: =SUM(K15:K22) | N13: =SUM(L15:L22)
B14: NO. | C14: 날짜/예약시간 | E14: 성함 | F14: 연락처 | G14: 주소/주요사항 | H14: 에어컨종류/개수/일반&종합 | I14: 계약금 | J14: 잔금 | K14: 합계 | L14: 수당 | M14: 고층사다리
B15: 1 | K15: =(I15+J15)*10000 | L15: =K15*L13
B16: 2 | K16: =(I16+J16)*10000 | L16: =K16*L13
B17: 3 | K17: =(I17+J17)*10000 | L17: =K17*L13
B18: 4 | K18: =(I18+J18)*10000 | L18: =K18*L13
B19: 5 | K19: =(I19+J19)*10000 | L19: =K19*L13
B20: 6 | K20: =(I20+J20)*10000 | L20: =K20*L13
B21: 7 | K21: =(I21+J21)*10000 | L21: =K21*L13
B22: 8 | K22: =(I22+J22)*10000 | L22: =K22*L13
C23: [인천 서구/격주토요휴무] 신국관 기사님 [벽/원/포] | K23: 수당률 | L23: 0.5 | M23: =SUM(K25:K32) | N23: =SUM(L25:L32)
B24: NO. | C24: 날짜/예약시간 | E24: 성함 | F24: 연락처 | G24: 주소/주요사항 | H24: 에어컨종류/개수/일반&종합 | I24: 계약금 | J24: 잔금 | K24: 합계 | L24: 수당
B25: 1 | G25: 10시부터 일정 잡아주세요 | K25: =(I25+J25)*10000 | L25: =K25*L23
B26: 2 | K26: =(I26+J26)*10000 | L26: =K26*L23
B27: 3 | K27: =(I27+J27)*10000 | L27: =K27*L23
B28: 4 | K28: =(I28+J28)*10000 | L28: =K28*L23
B29: 5 | K29: =(I29+J29)*10000 | L29: =K29*L23
B30: 6 | K30: =(I30+J30)*10000 | L30: =K30*L23
B31: 7 | K31: =(I31+J31)*10000 | L31: =K31*L23
B32: 8 | K32: =(I32+J32)*10000 | L32: =K32*L23
C33: [김포시] 전상현 기사님 [일정 여유롭게 / 벽/원/스탠드 사무실위주/통] | K33: 수당률 | L33: 0.5 | M33: =SUM(K35:K42) | N33: =SUM(L35:L42)
C34: 날짜/예약시간 | E34: 성함 | F34: 연락처 | G34: 주소/주요사항 | H34: 에어컨종류/개수/일반&종합 | I34: 계약금 | J34: 잔금 | K34: 합계 | L34: 수당 | M34: 포웨이 3시간
K35: =(I35+J35)*10000 | L35: =K35*L33
K36: =(I36+J36)*10000 | L36: =K36*L33
K37: =(I37+J37)*10000 | L37: =K37*L33
K38: =(I38+J38)*10000 | L38: =K38*L33
K39: =(I39+J39)*10000 | L39: =K39*L33
K40: =(I40+J40)*10000 | L40: =K40*L33
K41: =(I41+J41)*10000 | L41: =K41*L33
K42: =(I42+J42)*10000 | L42: =K42*L33
C43: 부천 중동 기사님 [일정 여유롭게 / 벽/원/스탠드 사무실위주] | K43: 수당률 | L43: 0.5 | M43: =SUM(K45:K52) | N43: =SUM(L45:L52)
C44: 날짜/예약시간 | E44: 성함 | F44: 연락처 | G44: 주소/주요사항 | H44: 에어컨종류/개수/일반&종합 | I44: 계약금 | J44: 잔금 | K44: 합계 | L44: 수당
K45: =(I45+J45)*10000 | L45: =K45*L43
K46: =(I46+J46)*10000 | L46: =K46*L43
K47: =(I47+J47)*10000 | L47: =K47*L43
K48: =(I48+J48)*10000 | L48: =K48*L43
K49: =(I49+J49)*10000 | L49: =K49*L43
K50: =(I50+J50)*10000 | L50: =K50*L43
K51: =(I51+J51)*10000 | L51: =K51*L43
K52: =(I52+J52)*10000 | L52: =K52*L43
C53: [부천] 김민구 기사님 [ 벽 / 원 / 포 / 스탠드 사무실 위주 ] | K53: 수당률 | L53: 0.5 | M53: =SUM(K55:K62) | N53: =SUM(L55:L62)
C54: 날짜/예약시간 | E54: 성함 | F54: 연락처 | G54: 주소/주요사항 | H54: 에어컨종류/개수/일반&종합 | I54: 계약금 | J54: 잔금 | K54: 합계 | L54: 수당
K55: =(I55+J55)*10000 | L55: =K55*L53
K56: =(I56+J56)*10000 | L56: =K56*L53
K57: =(I57+J57)*10000 | L57: =K57*L53
K58: =(I58+J58)*10000 | L58: =K58*L53
K59: =(I59+J59)*10000 | L59: =K59*L53
K60: =(I60+J60)*10000 | L60: =K60*L53
K61: =(I61+J61)*10000 | L61: =K61*L53
K62: =(I62+J62)*10000 | L62: =K62*L53
C63: [김포] 구형모 기사님 [ 벽 / 원 / 포 / 스탠드 사무실 위주 ] | K63: 수당률 | L63: 0.5 | M63: =SUM(K65:K72) | N63: =SUM(L65:L72)
C64: 날짜/예약시간 | E64: 성함 | F64: 연락처 | G64: 주소/주요사항 | H64: 에어컨종류/개수/일반&종합 | I64: 계약금 | J64: 잔금 | K64: 0 | L64: 0
K65: =(I65+J65)*10000 | L65: =K65*L63
K66: =(I66+J66)*10000 | L66: =K66*L63
K67: =(I67+J67)*10000 | L67: =K67*L63
K68: =(I68+J68)*10000 | L68: =K68*L63
K69: =(I69+J69)*10000 | L69: =K69*L63
K70: =(I70+J70)*10000 | L70: =K70*L63
K71: =(I71+J71)*10000 | L71: =K71*L63
K72: =(I72+J72)*10000 | L72: =K72*L63
C73: [김포] 이재원 기사님 [ 벽 / 원 / 포 / 스탠드 사무실 위주 ] | K73: 수당률 | L73: 0.5 | M73: =SUM(K75:K82) | N73: =SUM(L75:L82)
C74: 날짜/예약시간 | E74: 성함 | F74: 연락처 | G74: 주소/주요사항 | H74: 에어컨종류/개수/일반&종합 | I74: 계약금 | J74: 잔금 | K74: 합계 | L74: 수당
K75: =(I75+J75)*10000 | L75: =K75*L73
K76: =(I76+J76)*10000 | L76: =K76*L73
K77: =(I77+J77)*10000 | L77: =K77*L73
K78: =(I78+J78)*10000 | L78: =K78*L73
K79: =(I79+J79)*10000 | L79: =K79*L73
K80: =(I80+J80)*10000 | L80: =K80*L73
K81: =(I81+J81)*10000 | L81: =K81*L73
K82: =(I82+J82)*10000 | L82: =K82*L73
C83: [인천 계양/토 휴무/일 근무] 선근 기사님 [ 벽 / 원 / 포 ] | K83: 수당률 | L83: 0.5 | M83: =SUM(K85:K92) | N83: =SUM(L85:L92)
C84: 날짜/예약시간 | E84: 성함 | F84: 연락처 | G84: 주소/주요사항 | H84: 에어컨종류/개수/일반&종합 | I84: 계약금 | J84: 잔금 | K84: 합계 | L84: 수당
K85: =(I85+J85)*10000 | L85: =K85*L83
K86: =(I86+J86)*10000 | L86: =K86*L83
K87: =(I87+J87)*10000 | L87: =K87*L83
K88: =(I88+J88)*10000 | L88: =K88*L83
K89: =(I89+J89)*10000 | L89: =K89*L83
K90: =(I90+J90)*10000 | L90: =K90*L83
K91: =(I91+J91)*10000 | L91: =K91*L83
K92: =(I92+J92)*10000 | L92: =K92*L83
C93: [마포구/화토일 휴무] 지니 기사님 [벽걸이만 하루 4개] | K93: 수당률 | L93: 0.5 | M93: =SUM(K95:K102) | N93: =SUM(L95:L102)
C94: 날짜/예약시간 | E94: 성함 | F94: 연락처 | G94: 주소/주요사항 | H94: 에어컨종류/개수/일반&종합 | I94: 계약금 | J94: 잔금 | K94: 합계 | L94: 수당
K95: =(I95+J95)*10000 | L95: =K95*L90
K96: =(I96+J96)*10000 | L96: =K96*L90
K97: =(I97+J97)*10000 | L97: =K97*L90
K98: =(I98+J98)*10000 | L98: =K98*L90
G99: 벽걸이 대수가 4개여야 합니다 (3시 마지막) | K99: 0 | L99: 0
K100: 0 | L100: 0
K101: 0 | L101: 0
...

Sheet 9
C1: =DATE(년,월,_xlfn.SHEET()) -> 25569.375 | P1: 금일 매출
C3: 아무것도 잡지마세요 | K3: 수당률 | M3: =SUM(K5:K12) | N3: =SUM(L5:L12)
B4: NO. | C4: 날짜/예약시간 | E4: 성함 | F4: 연락처 | G4: 주소/주요사항 | H4: 에어컨종류/개수/일반&종합 | I4: 계약금 | J4: 잔금 | K4: 합계 | L4: 수당 | P4: 순이익 | Q4: =P10-R10
B5: 1 | K5: =(I5+J5)*10000 | L5: =K5*L3
B6: 2 | K6: =(I6+J6)*10000 | L6: =K6*L3
B7: 3 | K7: =(I7+J7)*10000 | L7: =K7*L3 | P7: 수입 | R7: 지출
B8: 4 | K8: =(I8+J8)*10000 | L8: =K8*L3 | P8: 계약 | Q8: 기타 | R8: 수당비 | S8: 광고비 | T8: 기타
B9: 5 | K9: =(I9+J9)*10000 | L9: =K9*L3 | P9: =SUM(M:M) | R9: =SUM(N:N)
B10: 6 | K10: =(I10+J10)*10000 | L10: =K10*L3 | P10: =SUM(P9:Q9) | R10: =SUM(R9:T9)
B11: 7 | K11: =(I11+J11)*10000 | L11: =K11*L3
B12: 8 | K12: =(I12+J12)*10000 | L12: =K12*L3
C13: [인천시] 김의덕 기사님 [일정 여유롭게 / 벽/원/포/스탠드 사무실위주/고층사다리] | K13: 수당률 | L13: 0.5 | M13: =SUM(K15:K22) | N13: =SUM(L15:L22)
B14: NO. | C14: 날짜/예약시간 | E14: 성함 | F14: 연락처 | G14: 주소/주요사항 | H14: 에어컨종류/개수/일반&종합 | I14: 계약금 | J14: 잔금 | K14: 합계 | L14: 수당 | M14: 고층사다리
B15: 1 | K15: =(I15+J15)*10000 | L15: =K15*L13
B16: 2 | C16: 9 | D16: 10시~11시 | E16: Youngrok 윤영록 | F16: 010-8966-9871 | G16: 경기 광주 머루숯길 61-12 642에비뉴 103동 503호 | H16: 원웨이 2대 종합 | I16: 3 | J16: 13 | K16: =(I16+J16)*10000 | L16: =K16*L13
B17: 3 | K17: =(I17+J17)*10000 | L17: =K17*L13
B18: 4 | K18: =(I18+J18)*10000 | L18: =K18*L13
B19: 5 | K19: =(I19+J19)*10000 | L19: =K19*L13
B20: 6 | K20: =(I20+J20)*10000 | L20: =K20*L13
B21: 7 | K21: =(I21+J21)*10000 | L21: =K21*L13
B22: 8 | K22: =(I22+J22)*10000 | L22: =K22*L13
C23: [인천 서구/격주토요휴무] 신국관 기사님 [벽/원/포] | K23: 수당률 | L23: 0.5 | M23: =SUM(K25:K32) | N23: =SUM(L25:L32)
B24: NO. | C24: 날짜/예약시간 | E24: 성함 | F24: 연락처 | G24: 주소/주요사항 | H24: 에어컨종류/개수/일반&종합 | I24: 계약금 | J24: 잔금 | K24: 합계 | L24: 수당
B25: 1 | G25: 10시부터 일정 잡아주세요 | K25: =(I25+J25)*10000 | L25: =K25*L23
B26: 2 | K26: =(I26+J26)*10000 | L26: =K26*L23
B27: 3 | K27: =(I27+J27)*10000 | L27: =K27*L23
B28: 4 | K28: =(I28+J28)*10000 | L28: =K28*L23
B29: 5 | K29: =(I29+J29)*10000 | L29: =K29*L23
B30: 6 | K30: =(I30+J30)*10000 | L30: =K30*L23
B31: 7 | K31: =(I31+J31)*10000 | L31: =K31*L23
B32: 8 | K32: =(I32+J32)*10000 | L32: =K32*L23
C33: [김포시] 전상현 기사님 [일정 여유롭게 / 벽/원/스탠드 사무실위주/통] | K33: 수당률 | L33: 0.5 | M33: =SUM(K35:K42) | N33: =SUM(L35:L42)
C34: 날짜/예약시간 | E34: 성함 | F34: 연락처 | G34: 주소/주요사항 | H34: 에어컨종류/개수/일반&종합 | I34: 계약금 | J34: 잔금 | K34: 합계 | L34: 수당 | M34: 포웨이 3시간
K35: =(I35+J35)*10000 | L35: =K35*L33
K36: =(I36+J36)*10000 | L36: =K36*L33
K37: =(I37+J37)*10000 | L37: =K37*L33
K38: =(I38+J38)*10000 | L38: =K38*L33
K39: =(I39+J39)*10000 | L39: =K39*L33
K40: =(I40+J40)*10000 | L40: =K40*L33
K41: =(I41+J41)*10000 | L41: =K41*L33
K42: =(I42+J42)*10000 | L42: =K42*L33
C43: 부천 중동 기사님 [일정 여유롭게 / 벽/원/스탠드 사무실위주] | K43: 수당률 | L43: 0.5 | M43: =SUM(K45:K52) | N43: =SUM(L45:L52)
C44: 날짜/예약시간 | E44: 성함 | F44: 연락처 | G44: 주소/주요사항 | H44: 에어컨종류/개수/일반&종합 | I44: 계약금 | J44: 잔금 | K44: 합계 | L44: 수당
K45: =(I45+J45)*10000 | L45: =K45*L43
K46: =(I46+J46)*10000 | L46: =K46*L43
K47: =(I47+J47)*10000 | L47: =K47*L43
K48: =(I48+J48)*10000 | L48: =K48*L43
K49: =(I49+J49)*10000 | L49: =K49*L43
K50: =(I50+J50)*10000 | L50: =K50*L43
K51: =(I51+J51)*10000 | L51: =K51*L43
K52: =(I52+J52)*10000 | L52: =K52*L43
C53: [부천] 김민구 기사님 [ 벽 / 원 / 포 / 스탠드 사무실 위주 ] | K53: 수당률 | L53: 0.5 | M53: =SUM(K55:K62) | N53: =SUM(L55:L62)
C54: 날짜/예약시간 | E54: 성함 | F54: 연락처 | G54: 주소/주요사항 | H54: 에어컨종류/개수/일반&종합 | I54: 계약금 | J54: 잔금 | K54: 합계 | L54: 수당
K55: =(I55+J55)*10000 | L55: =K55*L53
K56: =(I56+J56)*10000 | L56: =K56*L53
K57: =(I57+J57)*10000 | L57: =K57*L53
K58: =(I58+J58)*10000 | L58: =K58*L53
K59: =(I59+J59)*10000 | L59: =K59*L53
K60: =(I60+J60)*10000 | L60: =K60*L53
K61: =(I61+J61)*10000 | L61: =K61*L53
K62: =(I62+J62)*10000 | L62: =K62*L53
C63: [김포] 구형모 기사님 [ 벽 / 원 / 포 / 스탠드 사무실 위주 ] | K63: 수당률 | L63: 0.5 | M63: =SUM(K65:K72) | N63: =SUM(L65:L72)
C64: 날짜/예약시간 | E64: 성함 | F64: 연락처 | G64: 주소/주요사항 | H64: 에어컨종류/개수/일반&종합 | I64: 계약금 | J64: 잔금 | K64: 0 | L64: 0
K65: =(I65+J65)*10000 | L65: =K65*L63
K66: =(I66+J66)*10000 | L66: =K66*L63
K67: =(I67+J67)*10000 | L67: =K67*L63
K68: =(I68+J68)*10000 | L68: =K68*L63
K69: =(I69+J69)*10000 | L69: =K69*L63
K70: =(I70+J70)*10000 | L70: =K70*L63
K71: =(I71+J71)*10000 | L71: =K71*L63
K72: =(I72+J72)*10000 | L72: =K72*L63
C73: [김포] 이재원 기사님 [ 벽 / 원 / 포 / 스탠드 사무실 위주 ] | K73: 수당률 | L73: 0.5 | M73: =SUM(K75:K82) | N73: =SUM(L75:L82)
C74: 날짜/예약시간 | E74: 성함 | F74: 연락처 | G74: 주소/주요사항 | H74: 에어컨종류/개수/일반&종합 | I74: 계약금 | J74: 잔금 | K74: 합계 | L74: 수당
K75: =(I75+J75)*10000 | L75: =K75*L73
K76: =(I76+J76)*10000 | L76: =K76*L73
K77: =(I77+J77)*10000 | L77: =K77*L73
K78: =(I78+J78)*10000 | L78: =K78*L73
K79: =(I79+J79)*10000 | L79: =K79*L73
K80: =(I80+J80)*10000 | L80: =K80*L73
K81: =(I81+J81)*10000 | L81: =K81*L73
K82: =(I82+J82)*10000 | L82: =K82*L73
C83: [인천 계양/토 휴무/일 근무] 선근 기사님 [ 벽 / 원 / 포 ] | K83: 수당률 | L83: 0.5 | M83: =SUM(K85:K92) | N83: =SUM(L85:L92)
C84: 날짜/예약시간 | E84: 성함 | F84: 연락처 | G84: 주소/주요사항 | H84: 에어컨종류/개수/일반&종합 | I84: 계약금 | J84: 잔금 | K84: 합계 | L84: 수당
K85: =(I85+J85)*10000 | L85: =K85*L83
K86: =(I86+J86)*10000 | L86: =K86*L83
K87: =(I87+J87)*10000 | L87: =K87*L83
K88: =(I88+J88)*10000 | L88: =K88*L83
K89: =(I89+J89)*10000 | L89: =K89*L83
K90: =(I90+J90)*10000 | L90: =K90*L83
K91: =(I91+J91)*10000 | L91: =K91*L83
K92: =(I92+J92)*10000 | L92: =K92*L83
C93: [마포구/화토일 휴무] 지니 기사님 [벽걸이만 하루 4개] | K93: 수당률 | L93: 0.5 | M93: =SUM(K95:K102) | N93: =SUM(L95:L102)
C94: 날짜/예약시간 | E94: 성함 | F94: 연락처 | G94: 주소/주요사항 | H94: 에어컨종류/개수/일반&종합 | I94: 계약금 | J94: 잔금 | K94: 합계 | L94: 수당
K95: =(I95+J95)*10000 | L95: =K95*L90
K96: =(I96+J96)*10000 | L96: =K96*L90
K97: =(I97+J97)*10000 | L97: =K97*L90
K98: =(I98+J98)*10000 | L98: =K98*L90
G99: 벽걸이 대수가 4개여야 합니다 (3시 마지막) | K99: 0 | L99: 0
K100: 0 | L100: 0
K101: 0 | L101: 0
...

Sheet 10
C1: =DATE(년,월,_xlfn.SHEET()) -> 25569.375 | P1: 금일 매출
C3: 아무것도 잡지마세요 | K3: 수당률 | M3: =SUM(K5:K12) | N3: =SUM(L5:L12)
B4: NO. | C4: 날짜/예약시간 | E4: 성함 | F4: 연락처 | G4: 주소/주요사항 | H4: 에어컨종류/개수/일반&종합 | I4: 계약금 | J4: 잔금 | K4: 합계 | L4: 수당 | P4: 순이익 | Q4: =P10-R10
B5: 1 | K5: =(I5+J5)*10000 | L5: =K5*L3
B6: 2 | K6: =(I6+J6)*10000 | L6: =K6*L3
B7: 3 | K7: =(I7+J7)*10000 | L7: =K7*L3 | P7: 수입 | R7: 지출
B8: 4 | K8: =(I8+J8)*10000 | L8: =K8*L3 | P8: 계약 | Q8: 기타 | R8: 수당비 | S8: 광고비 | T8: 기타
B9: 5 | K9: =(I9+J9)*10000 | L9: =K9*L3 | P9: =SUM(M:M) | R9: =SUM(N:N)
B10: 6 | K10: =(I10+J10)*10000 | L10: =K10*L3 | P10: =SUM(P9:Q9) | R10: =SUM(R9:T9)
B11: 7 | K11: =(I11+J11)*10000 | L11: =K11*L3
B12: 8 | K12: =(I12+J12)*10000 | L12: =K12*L3
C13: [인천시] 김의덕 기사님 [일정 여유롭게 / 벽/원/포/스탠드 사무실위주/고층사다리] | K13: 수당률 | L13: 0.5 | M13: =SUM(K15:K22) | N13: =SUM(L15:L22)
B14: NO. | C14: 날짜/예약시간 | E14: 성함 | F14: 연락처 | G14: 주소/주요사항 | H14: 에어컨종류/개수/일반&종합 | I14: 계약금 | J14: 잔금 | K14: 합계 | L14: 수당 | M14: 고층사다리
B15: 1 | K15: =(I15+J15)*10000 | L15: =K15*L13
B16: 2 | K16: =(I16+J16)*10000 | L16: =K16*L13
B17: 3 | K17: =(I17+J17)*10000 | L17: =K17*L13
B18: 4 | K18: =(I18+J18)*10000 | L18: =K18*L13
B19: 5 | K19: =(I19+J19)*10000 | L19: =K19*L13
B20: 6 | K20: =(I20+J20)*10000 | L20: =K20*L13
B21: 7 | K21: =(I21+J21)*10000 | L21: =K21*L13
B22: 8 | K22: =(I22+J22)*10000 | L22: =K22*L13
C23: [인천 서구/격주토요휴무] 신국관 기사님 [벽/원/포] | K23: 수당률 | L23: 0.5 | M23: =SUM(K25:K32) | N23: =SUM(L25:L32)
B24: NO. | C24: 날짜/예약시간 | E24: 성함 | F24: 연락처 | G24: 주소/주요사항 | H24: 에어컨종류/개수/일반&종합 | I24: 계약금 | J24: 잔금 | K24: 합계 | L24: 수당
B25: 1 | G25: 10시부터 일정 잡아주세요 | K25: =(I25+J25)*10000 | L25: =K25*L23
B26: 2 | K26: =(I26+J26)*10000 | L26: =K26*L23
B27: 3 | K27: =(I27+J27)*10000 | L27: =K27*L23
B28: 4 | K28: =(I28+J28)*10000 | L28: =K28*L23
B29: 5 | K29: =(I29+J29)*10000 | L29: =K29*L23
B30: 6 | K30: =(I30+J30)*10000 | L30: =K30*L23
B31: 7 | K31: =(I31+J31)*10000 | L31: =K31*L23
B32: 8 | K32: =(I32+J32)*10000 | L32: =K32*L23
C33: [김포시] 전상현 기사님 [일정 여유롭게 / 벽/원/스탠드 사무실위주/통] | K33: 수당률 | L33: 0.5 | M33: =SUM(K35:K42) | N33: =SUM(L35:L42)
C34: 날짜/예약시간 | E34: 성함 | F34: 연락처 | G34: 주소/주요사항 | H34: 에어컨종류/개수/일반&종합 | I34: 계약금 | J34: 잔금 | K34: 합계 | L34: 수당 | M34: 포웨이 3시간
K35: =(I35+J35)*10000 | L35: =K35*L33
K36: =(I36+J36)*10000 | L36: =K36*L33
K37: =(I37+J37)*10000 | L37: =K37*L33
K38: =(I38+J38)*10000 | L38: =K38*L33
K39: =(I39+J39)*10000 | L39: =K39*L33
K40: =(I40+J40)*10000 | L40: =K40*L33
K41: =(I41+J41)*10000 | L41: =K41*L33
K42: =(I42+J42)*10000 | L42: =K42*L33
C43: 부천 중동 기사님 [일정 여유롭게 / 벽/원/스탠드 사무실위주] | K43: 수당률 | L43: 0.5 | M43: 0 | N43: 0
C44: 날짜/예약시간 | E44: 성함 | F44: 연락처 | G44: 주소/주요사항 | H44: 에어컨종류/개수/일반&종합 | I44: 계약금 | J44: 잔금 | K44: 합계 | L44: 수당
K45: =(I45+J45)*10000 | L45: =K45*L43
K46: =(I46+J46)*10000 | L46: =K46*L43
K47: =(I47+J47)*10000 | L47: =K47*L43
K48: =(I48+J48)*10000 | L48: =K48*L43
K49: =(I49+J49)*10000 | L49: =K49*L43
K50: =(I50+J50)*10000 | L50: =K50*L43
K51: =(I51+J51)*10000 | L51: =K51*L43
K52: =(I52+J52)*10000 | L52: =K52*L43
C53: [부천] 김민구 기사님 [ 벽 / 원 / 포 / 스탠드 사무실 위주 ] | K53: 수당률 | L53: 0.5 | M53: 0 | N53: 0
C54: 날짜/예약시간 | E54: 성함 | F54: 연락처 | G54: 주소/주요사항 | H54: 에어컨종류/개수/일반&종합 | I54: 계약금 | J54: 잔금 | K54: 합계 | L54: 수당
K55: =(I55+J55)*10000 | L55: =K55*L53
K56: =(I56+J56)*10000 | L56: =K56*L53
K57: =(I57+J57)*10000 | L57: =K57*L53
K58: =(I58+J58)*10000 | L58: =K58*L53
K59: =(I59+J59)*10000 | L59: =K59*L53
K60: =(I60+J60)*10000 | L60: =K60*L53
K61: =(I61+J61)*10000 | L61: =K61*L53
K62: =(I62+J62)*10000 | L62: =K62*L53
C63: [김포] 구형모 기사님 [ 벽 / 원 / 포 / 스탠드 사무실 위주 ] | K63: 수당률 | L63: 0.5 | M63: 0 | N63: 0
C64: 날짜/예약시간 | E64: 성함 | F64: 연락처 | G64: 주소/주요사항 | H64: 에어컨종류/개수/일반&종합 | I64: 계약금 | J64: 잔금 | K64: 0 | L64: 0
K65: =(I65+J65)*10000 | L65: =K65*L63
K66: =(I66+J66)*10000 | L66: =K66*L63
K67: =(I67+J67)*10000 | L67: =K67*L63
K68: =(I68+J68)*10000 | L68: =K68*L63
K69: =(I69+J69)*10000 | L69: =K69*L63
K70: =(I70+J70)*10000 | L70: =K70*L63
K71: =(I71+J71)*10000 | L71: =K71*L63
K72: =(I72+J72)*10000 | L72: =K72*L63
C73: [김포] 이재원 기사님 [ 벽 / 원 / 포 / 스탠드 사무실 위주 ] | K73: 수당률 | L73: 0.5 | M73: 0 | N73: 0
C74: 날짜/예약시간 | E74: 성함 | F74: 연락처 | G74: 주소/주요사항 | H74: 에어컨종류/개수/일반&종합 | I74: 계약금 | J74: 잔금 | K74: 합계 | L74: 수당
K75: =(I75+J75)*10000 | L75: =K75*L73
K76: =(I76+J76)*10000 | L76: =K76*L73
K77: =(I77+J77)*10000 | L77: =K77*L73
K78: =(I78+J78)*10000 | L78: =K78*L73
K79: =(I79+J79)*10000 | L79: =K79*L73
K80: =(I80+J80)*10000 | L80: =K80*L73
K81: =(I81+J81)*10000 | L81: =K81*L73
K82: =(I82+J82)*10000 | L82: =K82*L73
C83: [인천 계양/토 휴무/일 근무] 선근 기사님 [ 벽 / 원 / 포 ] | K83: 수당률 | L83: 0.5 | M83: 0 | N83: 0
C84: 날짜/예약시간 | E84: 성함 | F84: 연락처 | G84: 주소/주요사항 | H84: 에어컨종류/개수/일반&종합 | I84: 계약금 | J84: 잔금 | K84: 합계 | L84: 수당
K85: =(I85+J85)*10000 | L85: =K85*L83
K86: =(I86+J86)*10000 | L86: =K86*L83
K87: =(I87+J87)*10000 | L87: =K87*L83
K88: =(I88+J88)*10000 | L88: =K88*L83
K89: =(I89+J89)*10000 | L89: =K89*L83
K90: =(I90+J90)*10000 | L90: =K90*L83
K91: =(I91+J91)*10000 | L91: =K91*L83
K92: =(I92+J92)*10000 | L92: =K92*L83
C93: [마포구/화토일 휴무] 지니 기사님 [벽걸이만 하루 4개] | K93: 수당률 | L93: 0.5 | M93: 0 | N93: 0
C94: 날짜/예약시간 | E94: 성함 | F94: 연락처 | G94: 주소/주요사항 | H94: 에어컨종류/개수/일반&종합 | I94: 계약금 | J94: 잔금 | K94: 합계 | L94: 수당
K95: =(I95+J95)*10000 | L95: =K95*L90
K96: =(I96+J96)*10000 | L96: =K96*L90
K97: =(I97+J97)*10000 | L97: =K97*L90
K98: =(I98+J98)*10000 | L98: =K98*L90
G99: 벽걸이 대수가 4개여야 합니다 (3시 마지막) | K99: 0 | L99: 0
K100: 0 | L100: 0
K101: 0 | L101: 0
...

Sheet 11
C1: =DATE(년,월,_xlfn.SHEET()) -> 25569.375 | P1: 금일 매출
C3: 아무것도 잡지마세요 | K3: 수당률 | M3: =SUM(K5:K12) | N3: =SUM(L5:L12)
B4: NO. | C4: 날짜/예약시간 | E4: 성함 | F4: 연락처 | G4: 주소/주요사항 | H4: 에어컨종류/개수/일반&종합 | I4: 계약금 | J4: 잔금 | K4: 합계 | L4: 수당 | P4: 순이익 | Q4: =P10-R10
B5: 1 | K5: =(I5+J5)*10000 | L5: =K5*L3
B6: 2 | K6: =(I6+J6)*10000 | L6: =K6*L3
B7: 3 | K7: =(I7+J7)*10000 | L7: =K7*L3 | P7: 수입 | R7: 지출
B8: 4 | K8: =(I8+J8)*10000 | L8: =K8*L3 | P8: 계약 | Q8: 기타 | R8: 수당비 | S8: 광고비 | T8: 기타
B9: 5 | K9: =(I9+J9)*10000 | L9: =K9*L3 | P9: =SUM(M:M) | R9: =SUM(N:N)
B10: 6 | K10: =(I10+J10)*10000 | L10: =K10*L3 | P10: =SUM(P9:Q9) | R10: =SUM(R9:T9)
B11: 7 | K11: =(I11+J11)*10000 | L11: =K11*L3
B12: 8 | K12: =(I12+J12)*10000 | L12: =K12*L3
C13: [인천시] 김의덕 기사님 [일정 여유롭게 / 벽/원/포/스탠드 사무실위주/고층사다리] | K13: 수당률 | L13: 0.5 | M13: =SUM(K15:K22) | N13: =SUM(L15:L22)
B14: NO. | C14: 날짜/예약시간 | E14: 성함 | F14: 연락처 | G14: 주소/주요사항 | H14: 에어컨종류/개수/일반&종합 | I14: 계약금 | J14: 잔금 | K14: 합계 | L14: 수당 | M14: 고층사다리
B15: 1 | K15: =(I15+J15)*10000 | L15: =K15*L13
B16: 2 | K16: =(I16+J16)*10000 | L16: =K16*L13
B17: 3 | K17: =(I17+J17)*10000 | L17: =K17*L13
B18: 4 | K18: =(I18+J18)*10000 | L18: =K18*L13
B19: 5 | K19: =(I19+J19)*10000 | L19: =K19*L13
B20: 6 | K20: =(I20+J20)*10000 | L20: =K20*L13
B21: 7 | K21: =(I21+J21)*10000 | L21: =K21*L13
B22: 8 | K22: =(I22+J22)*10000 | L22: =K22*L13
C23: [인천 서구/격주토요휴무] 신국관 기사님 [벽/원/포] | K23: 수당률 | L23: 0.5 | M23: =SUM(K25:K32) | N23: =SUM(L25:L32)
B24: NO. | C24: 날짜/예약시간 | E24: 성함 | F24: 연락처 | G24: 주소/주요사항 | H24: 에어컨종류/개수/일반&종합 | I24: 계약금 | J24: 잔금 | K24: 합계 | L24: 수당
B25: 1 | G25: 10시부터 일정 잡아주세요 | K25: =(I25+J25)*10000 | L25: =K25*L23
B26: 2 | K26: =(I26+J26)*10000 | L26: =K26*L23
B27: 3 | K27: =(I27+J27)*10000 | L27: =K27*L23
B28: 4 | K28: =(I28+J28)*10000 | L28: =K28*L23
B29: 5 | K29: =(I29+J29)*10000 | L29: =K29*L23
B30: 6 | K30: =(I30+J30)*10000 | L30: =K30*L23
B31: 7 | K31: =(I31+J31)*10000 | L31: =K31*L23
B32: 8 | K32: =(I32+J32)*10000 | L32: =K32*L23
C33: [김포시] 전상현 기사님 [일정 여유롭게 / 벽/원/스탠드 사무실위주/통] | K33: 수당률 | L33: 0.5 | M33: =SUM(K35:K42) | N33: =SUM(L35:L42)
C34: 날짜/예약시간 | E34: 성함 | F34: 연락처 | G34: 주소/주요사항 | H34: 에어컨종류/개수/일반&종합 | I34: 계약금 | J34: 잔금 | K34: 합계 | L34: 수당 | M34: 포웨이 3시간
K35: =(I35+J35)*10000 | L35: =K35*L33
K36: =(I36+J36)*10000 | L36: =K36*L33
K37: =(I37+J37)*10000 | L37: =K37*L33
K38: =(I38+J38)*10000 | L38: =K38*L33
K39: =(I39+J39)*10000 | L39: =K39*L33
K40: =(I40+J40)*10000 | L40: =K40*L33
K41: =(I41+J41)*10000 | L41: =K41*L33
K42: =(I42+J42)*10000 | L42: =K42*L33
C43: 부천 중동 기사님 [일정 여유롭게 / 벽/원/스탠드 사무실위주] | K43: 수당률 | L43: 0.5 | M43: 0 | N43: 0
C44: 날짜/예약시간 | E44: 성함 | F44: 연락처 | G44: 주소/주요사항 | H44: 에어컨종류/개수/일반&종합 | I44: 계약금 | J44: 잔금 | K44: 합계 | L44: 수당
K45: =(I45+J45)*10000 | L45: =K45*L43
K46: =(I46+J46)*10000 | L46: =K46*L43
K47: =(I47+J47)*10000 | L47: =K47*L43
K48: =(I48+J48)*10000 | L48: =K48*L43
K49: =(I49+J49)*10000 | L49: =K49*L43
K50: =(I50+J50)*10000 | L50: =K50*L43
K51: =(I51+J51)*10000 | L51: =K51*L43
K52: =(I52+J52)*10000 | L52: =K52*L43
C53: [부천] 김민구 기사님 [ 벽 / 원 / 포 / 스탠드 사무실 위주 ] | K53: 수당률 | L53: 0.5 | M53: 0 | N53: 0
C54: 날짜/예약시간 | E54: 성함 | F54: 연락처 | G54: 주소/주요사항 | H54: 에어컨종류/개수/일반&종합 | I54: 계약금 | J54: 잔금 | K54: 합계 | L54: 수당
K55: =(I55+J55)*10000 | L55: =K55*L53
K56: =(I56+J56)*10000 | L56: =K56*L53
K57: =(I57+J57)*10000 | L57: =K57*L53
K58: =(I58+J58)*10000 | L58: =K58*L53
K59: =(I59+J59)*10000 | L59: =K59*L53
K60: =(I60+J60)*10000 | L60: =K60*L53
K61: =(I61+J61)*10000 | L61: =K61*L53
K62: =(I62+J62)*10000 | L62: =K62*L53
C63: [김포] 구형모 기사님 [ 벽 / 원 / 포 / 스탠드 사무실 위주 ] | K63: 수당률 | L63: 0.5 | M63: 0 | N63: 0
C64: 날짜/예약시간 | E64: 성함 | F64: 연락처 | G64: 주소/주요사항 | H64: 에어컨종류/개수/일반&종합 | I64: 계약금 | J64: 잔금 | K64: 0 | L64: 0
K65: =(I65+J65)*10000 | L65: =K65*L63
K66: =(I66+J66)*10000 | L66: =K66*L63
K67: =(I67+J67)*10000 | L67: =K67*L63
K68: =(I68+J68)*10000 | L68: =K68*L63
K69: =(I69+J69)*10000 | L69: =K69*L63
K70: =(I70+J70)*10000 | L70: =K70*L63
K71: =(I71+J71)*10000 | L71: =K71*L63
K72: =(I72+J72)*10000 | L72: =K72*L63
C73: [김포] 이재원 기사님 [ 벽 / 원 / 포 / 스탠드 사무실 위주 ] | K73: 수당률 | L73: 0.5 | M73: 0 | N73: 0
C74: 날짜/예약시간 | E74: 성함 | F74: 연락처 | G74: 주소/주요사항 | H74: 에어컨종류/개수/일반&종합 | I74: 계약금 | J74: 잔금 | K74: 합계 | L74: 수당
K75: =(I75+J75)*10000 | L75: =K75*L73
K76: =(I76+J76)*10000 | L76: =K76*L73
K77: =(I77+J77)*10000 | L77: =K77*L73
K78: =(I78+J78)*10000 | L78: =K78*L73
K79: =(I79+J79)*10000 | L79: =K79*L73
K80: =(I80+J80)*10000 | L80: =K80*L73
K81: =(I81+J81)*10000 | L81: =K81*L73
K82: =(I82+J82)*10000 | L82: =K82*L73
C83: [인천 계양/토 휴무/일 근무] 선근 기사님 [ 벽 / 원 / 포 ] | K83: 수당률 | L83: 0.5 | M83: 0 | N83: 0
C84: 날짜/예약시간 | E84: 성함 | F84: 연락처 | G84: 주소/주요사항 | H84: 에어컨종류/개수/일반&종합 | I84: 계약금 | J84: 잔금 | K84: 합계 | L84: 수당
K85: =(I85+J85)*10000 | L85: =K85*L83
K86: =(I86+J86)*10000 | L86: =K86*L83
K87: =(I87+J87)*10000 | L87: =K87*L83
K88: =(I88+J88)*10000 | L88: =K88*L83
K89: =(I89+J89)*10000 | L89: =K89*L83
K90: =(I90+J90)*10000 | L90: =K90*L83
K91: =(I91+J91)*10000 | L91: =K91*L83
K92: =(I92+J92)*10000 | L92: =K92*L83
C93: [마포구/화토일 휴무] 지니 기사님 [벽걸이만 하루 4개] | K93: 수당률 | L93: 0.5 | M93: 0 | N93: 0
C94: 날짜/예약시간 | E94: 성함 | F94: 연락처 | G94: 주소/주요사항 | H94: 에어컨종류/개수/일반&종합 | I94: 계약금 | J94: 잔금 | K94: 합계 | L94: 수당
K95: =(I95+J95)*10000 | L95: =K95*L90
K96: =(I96+J96)*10000 | L96: =K96*L90
K97: =(I97+J97)*10000 | L97: =K97*L90
K98: =(I98+J98)*10000 | L98: =K98*L90
G99: 벽걸이 대수가 4개여야 합니다 (3시 마지막) | K99: 0 | L99: 0
K100: 0 | L100: 0
K101: 0 | L101: 0
...

Sheet 12
C1: =DATE(년,월,_xlfn.SHEET()) -> 25569.375 | P1: 금일 매출
C3: 아무것도 잡지마세요 | K3: 수당률 | M3: =SUM(K5:K12) | N3: =SUM(L5:L12)
B4: NO. | C4: 날짜/예약시간 | E4: 성함 | F4: 연락처 | G4: 주소/주요사항 | H4: 에어컨종류/개수/일반&종합 | I4: 계약금 | J4: 잔금 | K4: 합계 | L4: 수당 | P4: 순이익 | Q4: =P10-R10
B5: 1 | K5: =(I5+J5)*10000 | L5: =K5*L3
B6: 2 | K6: =(I6+J6)*10000 | L6: =K6*L3
B7: 3 | K7: =(I7+J7)*10000 | L7: =K7*L3 | P7: 수입 | R7: 지출
B8: 4 | K8: =(I8+J8)*10000 | L8: =K8*L3 | P8: 계약 | Q8: 기타 | R8: 수당비 | S8: 광고비 | T8: 기타
B9: 5 | K9: =(I9+J9)*10000 | L9: =K9*L3 | P9: =SUM(M:M) | R9: =SUM(N:N)
B10: 6 | K10: =(I10+J10)*10000 | L10: =K10*L3 | P10: =SUM(P9:Q9) | R10: =SUM(R9:T9)
B11: 7 | K11: =(I11+J11)*10000 | L11: =K11*L3
B12: 8 | K12: =(I12+J12)*10000 | L12: =K12*L3
C13: [인천시] 김의덕 기사님 [일정 여유롭게 / 벽/원/포/스탠드 사무실위주/고층사다리] | K13: 수당률 | L13: 0.5 | M13: =SUM(K15:K22) | N13: =SUM(L15:L22)
B14: NO. | C14: 날짜/예약시간 | E14: 성함 | F14: 연락처 | G14: 주소/주요사항 | H14: 에어컨종류/개수/일반&종합 | I14: 계약금 | J14: 잔금 | K14: 합계 | L14: 수당 | M14: 고층사다리
B15: 1 | K15: =(I15+J15)*10000 | L15: =K15*L13
B16: 2 | K16: =(I16+J16)*10000 | L16: =K16*L13
B17: 3 | K17: =(I17+J17)*10000 | L17: =K17*L13
B18: 4 | K18: =(I18+J18)*10000 | L18: =K18*L13
B19: 5 | K19: =(I19+J19)*10000 | L19: =K19*L13
B20: 6 | K20: =(I20+J20)*10000 | L20: =K20*L13
B21: 7 | K21: =(I21+J21)*10000 | L21: =K21*L13
B22: 8 | K22: =(I22+J22)*10000 | L22: =K22*L13
C23: [인천 서구/격주토요휴무] 신국관 기사님 [벽/원/포] | K23: 수당률 | L23: 0.5 | M23: =SUM(K25:K32) | N23: =SUM(L25:L32)
B24: NO. | C24: 날짜/예약시간 | E24: 성함 | F24: 연락처 | G24: 주소/주요사항 | H24: 에어컨종류/개수/일반&종합 | I24: 계약금 | J24: 잔금 | K24: 합계 | L24: 수당
B25: 1 | G25: 10시부터 일정 잡아주세요 | K25: =(I25+J25)*10000 | L25: =K25*L23
B26: 2 | K26: =(I26+J26)*10000 | L26: =K26*L23
B27: 3 | K27: =(I27+J27)*10000 | L27: =K27*L23
B28: 4 | K28: =(I28+J28)*10000 | L28: =K28*L23
B29: 5 | K29: =(I29+J29)*10000 | L29: =K29*L23
B30: 6 | K30: =(I30+J30)*10000 | L30: =K30*L23
B31: 7 | K31: =(I31+J31)*10000 | L31: =K31*L23
B32: 8 | K32: =(I32+J32)*10000 | L32: =K32*L23
C33: [김포시] 전상현 기사님 [일정 여유롭게 / 벽/원/스탠드 사무실위주/통] | K33: 수당률 | L33: 0.5 | M33: =SUM(K35:K42) | N33: =SUM(L35:L42)
C34: 날짜/예약시간 | E34: 성함 | F34: 연락처 | G34: 주소/주요사항 | H34: 에어컨종류/개수/일반&종합 | I34: 계약금 | J34: 잔금 | K34: 합계 | L34: 수당 | M34: 포웨이 3시간
K35: =(I35+J35)*10000 | L35: =K35*L33
K36: =(I36+J36)*10000 | L36: =K36*L33
K37: =(I37+J37)*10000 | L37: =K37*L33
K38: =(I38+J38)*10000 | L38: =K38*L33
K39: =(I39+J39)*10000 | L39: =K39*L33
K40: =(I40+J40)*10000 | L40: =K40*L33
K41: =(I41+J41)*10000 | L41: =K41*L33
K42: =(I42+J42)*10000 | L42: =K42*L33
C43: 부천 중동 기사님 [일정 여유롭게 / 벽/원/스탠드 사무실위주] | K43: 수당률 | L43: 0.5 | M43: 0 | N43: 0
C44: 날짜/예약시간 | E44: 성함 | F44: 연락처 | G44: 주소/주요사항 | H44: 에어컨종류/개수/일반&종합 | I44: 계약금 | J44: 잔금 | K44: 합계 | L44: 수당
K45: =(I45+J45)*10000 | L45: =K45*L43
K46: =(I46+J46)*10000 | L46: =K46*L43
K47: =(I47+J47)*10000 | L47: =K47*L43
K48: =(I48+J48)*10000 | L48: =K48*L43
K49: =(I49+J49)*10000 | L49: =K49*L43
K50: =(I50+J50)*10000 | L50: =K50*L43
K51: =(I51+J51)*10000 | L51: =K51*L43
K52: =(I52+J52)*10000 | L52: =K52*L43
C53: [부천] 김민구 기사님 [ 벽 / 원 / 포 / 스탠드 사무실 위주 ] | K53: 수당률 | L53: 0.5 | M53: 0 | N53: 0
C54: 날짜/예약시간 | E54: 성함 | F54: 연락처 | G54: 주소/주요사항 | H54: 에어컨종류/개수/일반&종합 | I54: 계약금 | J54: 잔금 | K54: 합계 | L54: 수당
K55: =(I55+J55)*10000 | L55: =K55*L53
K56: =(I56+J56)*10000 | L56: =K56*L53
K57: =(I57+J57)*10000 | L57: =K57*L53
K58: =(I58+J58)*10000 | L58: =K58*L53
K59: =(I59+J59)*10000 | L59: =K59*L53
K60: =(I60+J60)*10000 | L60: =K60*L53
K61: =(I61+J61)*10000 | L61: =K61*L53
K62: =(I62+J62)*10000 | L62: =K62*L53
C63: [김포] 구형모 기사님 [ 벽 / 원 / 포 / 스탠드 사무실 위주 ] | K63: 수당률 | L63: 0.5 | M63: 0 | N63: 0
C64: 날짜/예약시간 | E64: 성함 | F64: 연락처 | G64: 주소/주요사항 | H64: 에어컨종류/개수/일반&종합 | I64: 계약금 | J64: 잔금 | K64: 0 | L64: 0
C65: 12 | D65: 9시~10시 | E65: 이강은 | F65: 010-9111-7544 | G65: 부천시 원미구 조마루로398번길 11,301호(성원맨션) | H65: 삼성 무풍 2구 투인원 종합 | I65: 3 | J65: 13 | K65: =(I65+J65)*10000 | L65: =K65*L63
K66: =(I66+J66)*10000 | L66: =K66*L63
K67: =(I67+J67)*10000 | L67: =K67*L63
K68: =(I68+J68)*10000 | L68: =K68*L63
K69: =(I69+J69)*10000 | L69: =K69*L63
K70: =(I70+J70)*10000 | L70: =K70*L63
K71: =(I71+J71)*10000 | L71: =K71*L63
K72: =(I72+J72)*10000 | L72: =K72*L63
C73: [김포] 이재원 기사님 [ 벽 / 원 / 포 / 스탠드 사무실 위주 ] | K73: 수당률 | L73: 0.5 | M73: 0 | N73: 0
C74: 날짜/예약시간 | E74: 성함 | F74: 연락처 | G74: 주소/주요사항 | H74: 에어컨종류/개수/일반&종합 | I74: 계약금 | J74: 잔금 | K74: 합계 | L74: 수당
K75: =(I75+J75)*10000 | L75: =K75*L73
K76: =(I76+J76)*10000 | L76: =K76*L73
K77: =(I77+J77)*10000 | L77: =K77*L73
K78: =(I78+J78)*10000 | L78: =K78*L73
K79: =(I79+J79)*10000 | L79: =K79*L73
K80: =(I80+J80)*10000 | L80: =K80*L73
K81: =(I81+J81)*10000 | L81: =K81*L73
K82: =(I82+J82)*10000 | L82: =K82*L73
C83: [인천 계양/토 휴무/일 근무] 선근 기사님 [ 벽 / 원 / 포 ] | K83: 수당률 | L83: 0.5 | M83: 0 | N83: 0
C84: 날짜/예약시간 | E84: 성함 | F84: 연락처 | G84: 주소/주요사항 | H84: 에어컨종류/개수/일반&종합 | I84: 계약금 | J84: 잔금 | K84: 합계 | L84: 수당
K85: =(I85+J85)*10000 | L85: =K85*L83
K86: =(I86+J86)*10000 | L86: =K86*L83
K87: =(I87+J87)*10000 | L87: =K87*L83
K88: =(I88+J88)*10000 | L88: =K88*L83
K89: =(I89+J89)*10000 | L89: =K89*L83
K90: =(I90+J90)*10000 | L90: =K90*L83
K91: =(I91+J91)*10000 | L91: =K91*L83
K92: =(I92+J92)*10000 | L92: =K92*L83
C93: [마포구/화토일 휴무] 지니 기사님 [벽걸이만 하루 4개] | K93: 수당률 | L93: 0.5 | M93: 0 | N93: 0
C94: 날짜/예약시간 | E94: 성함 | F94: 연락처 | G94: 주소/주요사항 | H94: 에어컨종류/개수/일반&종합 | I94: 계약금 | J94: 잔금 | K94: 합계 | L94: 수당
K95: =(I95+J95)*10000 | L95: =K95*L90
K96: =(I96+J96)*10000 | L96: =K96*L90
K97: =(I97+J97)*10000 | L97: =K97*L90
K98: =(I98+J98)*10000 | L98: =K98*L90
G99: 벽걸이 대수가 4개여야 합니다 (3시 마지막) | K99: 0 | L99: 0
K100: 0 | L100: 0
K101: 0 | L101: 0
...

Sheet 13
C1: =DATE(년,월,_xlfn.SHEET()) -> 25569.375 | P1: 금일 매출
C3: 아무것도 잡지마세요 | K3: 수당률 | M3: =SUM(K5:K12) | N3: =SUM(L5:L12)
B4: NO. | C4: 날짜/예약시간 | E4: 성함 | F4: 연락처 | G4: 주소/주요사항 | H4: 에어컨종류/개수/일반&종합 | I4: 계약금 | J4: 잔금 | K4: 합계 | L4: 수당 | P4: 순이익 | Q4: =P10-R10
B5: 1 | K5: =(I5+J5)*10000 | L5: =K5*L3
B6: 2 | K6: =(I6+J6)*10000 | L6: =K6*L3
B7: 3 | K7: =(I7+J7)*10000 | L7: =K7*L3 | P7: 수입 | R7: 지출
B8: 4 | K8: =(I8+J8)*10000 | L8: =K8*L3 | P8: 계약 | Q8: 기타 | R8: 수당비 | S8: 광고비 | T8: 기타
B9: 5 | K9: =(I9+J9)*10000 | L9: =K9*L3 | P9: =SUM(M:M) | R9: =SUM(N:N)
B10: 6 | K10: =(I10+J10)*10000 | L10: =K10*L3 | P10: =SUM(P9:Q9) | R10: =SUM(R9:T9)
B11: 7 | K11: =(I11+J11)*10000 | L11: =K11*L3
B12: 8 | K12: =(I12+J12)*10000 | L12: =K12*L3
C13: [인천시] 김의덕 기사님 [일정 여유롭게 / 벽/원/포/스탠드 사무실위주/고층사다리] | K13: 수당률 | L13: 0.5 | M13: =SUM(K15:K22) | N13: =SUM(L15:L22) | P13: 금주 매출
B14: NO. | C14: 날짜/예약시간 | E14: 성함 | F14: 연락처 | G14: 주소/주요사항 | H14: 에어컨종류/개수/일반&종합 | I14: 계약금 | J14: 잔금 | K14: 합계 | L14: 수당 | M14: 고층사다리
B15: 1 | K15: =(I15+J15)*10000 | L15: =K15*L13 | P15: 순이익 | Q15: =P21-R21
B16: 2 | K16: =(I16+J16)*10000 | L16: =K16*L13
B17: 3 | K17: =(I17+J17)*10000 | L17: =K17*L13
B18: 4 | K18: =(I18+J18)*10000 | L18: =K18*L13 | P18: 수입 | R18: 지출
B19: 5 | K19: =(I19+J19)*10000 | L19: =K19*L13 | P19: 계약 | Q19: 기타 | R19: 수당비 | S19: 광고비 | T19: 기타
B20: 6 | K20: =(I20+J20)*10000 | L20: =K20*L13 | P20: =SUM(P9,'8'!P9,'7'!P9,'6'!P9,'5'!P9,'4'!P9,'3'!P9) | Q20: =SUM(Q9,'8'!Q9,'7'!Q9,'6'!Q9,'5'!Q9,'4'!Q9,'3'!Q9) | R20: =SUM(R9,'8'!R9,'7'!R9,'6'!R9,'5'!R9,'4'!R9,'3'!R9) | S20: =SUM(S9,'8'!S9,'7'!S9,'6'!S9,'5'!S9,'4'!S9,'3'!S9) | T20: =SUM(T9,'8'!T9,'7'!T9,'6'!T9,'5'!T9,'4'!T9,'3'!T9)
B21: 7 | K21: =(I21+J21)*10000 | L21: =K21*L13 | P21: =SUM(P20:Q20) | R21: =SUM(R20:T20)
B22: 8 | K22: =(I22+J22)*10000 | L22: =K22*L13
C23: [인천 서구/격주토요휴무] 신국관 기사님 [벽/원/포] | K23: 수당률 | L23: 0.5 | M23: =SUM(K25:K32) | N23: =SUM(L25:L32)
B24: NO. | C24: 날짜/예약시간 | E24: 성함 | F24: 연락처 | G24: 주소/주요사항 | H24: 에어컨종류/개수/일반&종합 | I24: 계약금 | J24: 잔금 | K24: 합계 | L24: 수당
B25: 1 | G25: 10시부터 일정 잡아주세요 | K25: =(I25+J25)*10000 | L25: =K25*L23
B26: 2 | K26: =(I26+J26)*10000 | L26: =K26*L23
B27: 3 | K27: =(I27+J27)*10000 | L27: =K27*L23
B28: 4 | K28: =(I28+J28)*10000 | L28: =K28*L23
B29: 5 | K29: =(I29+J29)*10000 | L29: =K29*L23
B30: 6 | K30: =(I30+J30)*10000 | L30: =K30*L23
B31: 7 | K31: =(I31+J31)*10000 | L31: =K31*L23
B32: 8 | K32: =(I32+J32)*10000 | L32: =K32*L23
C33: [김포시] 전상현 기사님 [일정 여유롭게 / 벽/원/스탠드 사무실위주/통] | K33: 수당률 | L33: 0.5 | M33: =SUM(K35:K42) | N33: =SUM(L35:L42)
C34: 날짜/예약시간 | E34: 성함 | F34: 연락처 | G34: 주소/주요사항 | H34: 에어컨종류/개수/일반&종합 | I34: 계약금 | J34: 잔금 | K34: 합계 | L34: 수당 | M34: 포웨이 3시간
K35: =(I35+J35)*10000 | L35: =K35*L33
K36: =(I36+J36)*10000 | L36: =K36*L33
K37: =(I37+J37)*10000 | L37: =K37*L33
K38: =(I38+J38)*10000 | L38: =K38*L33
K39: =(I39+J39)*10000 | L39: =K39*L33
K40: =(I40+J40)*10000 | L40: =K40*L33
K41: =(I41+J41)*10000 | L41: =K41*L33
K42: =(I42+J42)*10000 | L42: =K42*L33
C43: 부천 중동 기사님 [일정 여유롭게 / 벽/원/스탠드 사무실위주] | K43: 수당률 | L43: 0.5 | M43: 0 | N43: 0
C44: 날짜/예약시간 | E44: 성함 | F44: 연락처 | G44: 주소/주요사항 | H44: 에어컨종류/개수/일반&종합 | I44: 계약금 | J44: 잔금 | K44: 합계 | L44: 수당
K45: =(I45+J45)*10000 | L45: =K45*L43
K46: =(I46+J46)*10000 | L46: =K46*L43
K47: =(I47+J47)*10000 | L47: =K47*L43
K48: =(I48+J48)*10000 | L48: =K48*L43
K49: =(I49+J49)*10000 | L49: =K49*L43
K50: =(I50+J50)*10000 | L50: =K50*L43
K51: =(I51+J51)*10000 | L51: =K51*L43
K52: =(I52+J52)*10000 | L52: =K52*L43
C53: [부천] 김민구 기사님 [ 벽 / 원 / 포 / 스탠드 사무실 위주 ] | K53: 수당률 | L53: 0.5 | M53: 0 | N53: 0
C54: 날짜/예약시간 | E54: 성함 | F54: 연락처 | G54: 주소/주요사항 | H54: 에어컨종류/개수/일반&종합 | I54: 계약금 | J54: 잔금 | K54: 합계 | L54: 수당
K55: =(I55+J55)*10000 | L55: =K55*L53
K56: =(I56+J56)*10000 | L56: =K56*L53
K57: =(I57+J57)*10000 | L57: =K57*L53
K58: =(I58+J58)*10000 | L58: =K58*L53
K59: =(I59+J59)*10000 | L59: =K59*L53
K60: =(I60+J60)*10000 | L60: =K60*L53
K61: =(I61+J61)*10000 | L61: =K61*L53
K62: =(I62+J62)*10000 | L62: =K62*L53
C63: [김포] 구형모 기사님 [ 벽 / 원 / 포 / 스탠드 사무실 위주 ] | K63: 수당률 | L63: 0.5 | M63: 0 | N63: 0
C64: 날짜/예약시간 | E64: 성함 | F64: 연락처 | G64: 주소/주요사항 | H64: 에어컨종류/개수/일반&종합 | I64: 계약금 | J64: 잔금 | K64: 0 | L64: 0
K65: =(I65+J65)*10000 | L65: =K65*L63
K66: =(I66+J66)*10000 | L66: =K66*L63
K67: =(I67+J67)*10000 | L67: =K67*L63
K68: =(I68+J68)*10000 | L68: =K68*L63
K69: =(I69+J69)*10000 | L69: =K69*L63
K70: =(I70+J70)*10000 | L70: =K70*L63
K71: =(I71+J71)*10000 | L71: =K71*L63
K72: =(I72+J72)*10000 | L72: =K72*L63
C73: [김포] 이재원 기사님 [ 벽 / 원 / 포 / 스탠드 사무실 위주 ] | K73: 수당률 | L73: 0.5 | M73: 0 | N73: 0
C74: 날짜/예약시간 | E74: 성함 | F74: 연락처 | G74: 주소/주요사항 | H74: 에어컨종류/개수/일반&종합 | I74: 계약금 | J74: 잔금 | K74: 합계 | L74: 수당
K75: =(I75+J75)*10000 | L75: =K75*L73
K76: =(I76+J76)*10000 | L76: =K76*L73
K77: =(I77+J77)*10000 | L77: =K77*L73
K78: =(I78+J78)*10000 | L78: =K78*L73
K79: =(I79+J79)*10000 | L79: =K79*L73
K80: =(I80+J80)*10000 | L80: =K80*L73
K81: =(I81+J81)*10000 | L81: =K81*L73
K82: =(I82+J82)*10000 | L82: =K82*L73
C83: [인천 계양/토 휴무/일 근무] 선근 기사님 [ 벽 / 원 / 포 ] | K83: 수당률 | L83: 0.5 | M83: 0 | N83: 0
C84: 날짜/예약시간 | E84: 성함 | F84: 연락처 | G84: 주소/주요사항 | H84: 에어컨종류/개수/일반&종합 | I84: 계약금 | J84: 잔금 | K84: 합계 | L84: 수당
K85: =(I85+J85)*10000 | L85: =K85*L83
K86: =(I86+J86)*10000 | L86: =K86*L83
K87: =(I87+J87)*10000 | L87: =K87*L83
K88: =(I88+J88)*10000 | L88: =K88*L83
K89: =(I89+J89)*10000 | L89: =K89*L83
K90: =(I90+J90)*10000 | L90: =K90*L83
K91: =(I91+J91)*10000 | L91: =K91*L83
K92: =(I92+J92)*10000 | L92: =K92*L83
C93: [마포구/화토일 휴무] 지니 기사님 [벽걸이만 하루 4개] | K93: 수당률 | L93: 0.5 | M93: 0 | N93: 0
C94: 날짜/예약시간 | E94: 성함 | F94: 연락처 | G94: 주소/주요사항 | H94: 에어컨종류/개수/일반&종합 | I94: 계약금 | J94: 잔금 | K94: 합계 | L94: 수당
K95: =(I95+J95)*10000 | L95: =K95*L90
K96: =(I96+J96)*10000 | L96: =K96*L90
K97: =(I97+J97)*10000 | L97: =K97*L90
K98: =(I98+J98)*10000 | L98: =K98*L90
G99: 벽걸이 대수가 4개여야 합니다 (3시 마지막) | K99: 0 | L99: 0
K100: 0 | L100: 0
K101: 0 | L101: 0
...

Sheet 14
C1: =DATE(년,월,_xlfn.SHEET()) -> 25569.375 | P1: 금일 매출
C3: 아무것도 잡지마세요 | K3: 수당률 | M3: =SUM(K5:K12) | N3: =SUM(L5:L12)
B4: NO. | C4: 날짜/예약시간 | E4: 성함 | F4: 연락처 | G4: 주소/주요사항 | H4: 에어컨종류/개수/일반&종합 | I4: 계약금 | J4: 잔금 | K4: 합계 | L4: 수당 | P4: 순이익 | Q4: =P10-R10
B5: 1 | K5: =(I5+J5)*10000 | L5: =K5*L3
B6: 2 | K6: =(I6+J6)*10000 | L6: =K6*L3
B7: 3 | K7: =(I7+J7)*10000 | L7: =K7*L3 | P7: 수입 | R7: 지출
B8: 4 | K8: =(I8+J8)*10000 | L8: =K8*L3 | P8: 계약 | Q8: 기타 | R8: 수당비 | S8: 광고비 | T8: 기타
B9: 5 | K9: =(I9+J9)*10000 | L9: =K9*L3 | P9: =SUM(M:M) | R9: =SUM(N:N)
B10: 6 | K10: =(I10+J10)*10000 | L10: =K10*L3 | P10: =SUM(P9:Q9) | R10: =SUM(R9:T9)
B11: 7 | K11: =(I11+J11)*10000 | L11: =K11*L3
B12: 8 | K12: =(I12+J12)*10000 | L12: =K12*L3
C13: [인천시] 김의덕 기사님 [일정 여유롭게 / 벽/원/포/스탠드 사무실위주/고층사다리] | K13: 수당률 | L13: 0.5 | M13: =SUM(K15:K22) | N13: =SUM(L15:L22)
B14: NO. | C14: 날짜/예약시간 | E14: 성함 | F14: 연락처 | G14: 주소/주요사항 | H14: 에어컨종류/개수/일반&종합 | I14: 계약금 | J14: 잔금 | K14: 합계 | L14: 수당 | M14: 고층사다리
B15: 1 | K15: =(I15+J15)*10000 | L15: =K15*L13
B16: 2 | K16: =(I16+J16)*10000 | L16: =K16*L13
B17: 3 | K17: =(I17+J17)*10000 | L17: =K17*L13
B18: 4 | K18: =(I18+J18)*10000 | L18: =K18*L13
B19: 5 | K19: =(I19+J19)*10000 | L19: =K19*L13
B20: 6 | K20: =(I20+J20)*10000 | L20: =K20*L13
B21: 7 | K21: =(I21+J21)*10000 | L21: =K21*L13
B22: 8 | K22: =(I22+J22)*10000 | L22: =K22*L13
C23: [인천 서구/격주토요휴무] 신국관 기사님 [벽/원/포] | K23: 수당률 | L23: 0.5 | M23: =SUM(K25:K32) | N23: =SUM(L25:L32)
B24: NO. | C24: 날짜/예약시간 | E24: 성함 | F24: 연락처 | G24: 주소/주요사항 | H24: 에어컨종류/개수/일반&종합 | I24: 계약금 | J24: 잔금 | K24: 합계 | L24: 수당
B25: 1 | G25: 10시부터 일정 잡아주세요 | K25: =(I25+J25)*10000 | L25: =K25*L23
B26: 2 | K26: =(I26+J26)*10000 | L26: =K26*L23
B27: 3 | K27: =(I27+J27)*10000 | L27: =K27*L23
B28: 4 | C28: 14 | D28: 2시~3시 | E28: 정한검 | F28: 010-4670-8754 | G28: 성남시 수정구 수정로217번길21 A동 101호 | H28: 벽걸이 종합 | I28: 3 | J28: 5 | K28: =(I28+J28)*10000 | L28: =K28*L23
B29: 5 | K29: =(I29+J29)*10000 | L29: =K29*L23
B30: 6 | K30: =(I30+J30)*10000 | L30: =K30*L23
B31: 7 | K31: =(I31+J31)*10000 | L31: =K31*L23
B32: 8 | K32: =(I32+J32)*10000 | L32: =K32*L23
C33: [김포시] 전상현 기사님 [일정 여유롭게 / 벽/원/스탠드 사무실위주/통] | K33: 수당률 | L33: 0.5 | M33: =SUM(K35:K42) | N33: =SUM(L35:L42)
C34: 날짜/예약시간 | E34: 성함 | F34: 연락처 | G34: 주소/주요사항 | H34: 에어컨종류/개수/일반&종합 | I34: 계약금 | J34: 잔금 | K34: 합계 | L34: 수당 | M34: 포웨이 3시간
K35: =(I35+J35)*10000 | L35: =K35*L33
K36: =(I36+J36)*10000 | L36: =K36*L33
K37: =(I37+J37)*10000 | L37: =K37*L33
K38: =(I38+J38)*10000 | L38: =K38*L33
K39: =(I39+J39)*10000 | L39: =K39*L33
K40: =(I40+J40)*10000 | L40: =K40*L33
K41: =(I41+J41)*10000 | L41: =K41*L33
K42: =(I42+J42)*10000 | L42: =K42*L33
C43: 부천 중동 기사님 [일정 여유롭게 / 벽/원/스탠드 사무실위주] | K43: 수당률 | L43: 0.5 | M43: 0 | N43: 0
C44: 날짜/예약시간 | E44: 성함 | F44: 연락처 | G44: 주소/주요사항 | H44: 에어컨종류/개수/일반&종합 | I44: 계약금 | J44: 잔금 | K44: 합계 | L44: 수당
K45: =(I45+J45)*10000 | L45: =K45*L43
K46: =(I46+J46)*10000 | L46: =K46*L43
K47: =(I47+J47)*10000 | L47: =K47*L43
K48: =(I48+J48)*10000 | L48: =K48*L43
K49: =(I49+J49)*10000 | L49: =K49*L43
K50: =(I50+J50)*10000 | L50: =K50*L43
K51: =(I51+J51)*10000 | L51: =K51*L43
K52: =(I52+J52)*10000 | L52: =K52*L43
C53: [부천] 김민구 기사님 [ 벽 / 원 / 포 / 스탠드 사무실 위주 ] | K53: 수당률 | L53: 0.5 | M53: 0 | N53: 0
C54: 날짜/예약시간 | E54: 성함 | F54: 연락처 | G54: 주소/주요사항 | H54: 에어컨종류/개수/일반&종합 | I54: 계약금 | J54: 잔금 | K54: 합계 | L54: 수당
K55: =(I55+J55)*10000 | L55: =K55*L53
K56: =(I56+J56)*10000 | L56: =K56*L53
K57: =(I57+J57)*10000 | L57: =K57*L53
K58: =(I58+J58)*10000 | L58: =K58*L53
K59: =(I59+J59)*10000 | L59: =K59*L53
K60: =(I60+J60)*10000 | L60: =K60*L53
K61: =(I61+J61)*10000 | L61: =K61*L53
K62: =(I62+J62)*10000 | L62: =K62*L53
C63: [김포] 구형모 기사님 [ 벽 / 원 / 포 / 스탠드 사무실 위주 ] | K63: 수당률 | L63: 0.5 | M63: 0 | N63: 0
C64: 날짜/예약시간 | E64: 성함 | F64: 연락처 | G64: 주소/주요사항 | H64: 에어컨종류/개수/일반&종합 | I64: 계약금 | J64: 잔금 | K64: 0 | L64: 0
K65: =(I65+J65)*10000 | L65: =K65*L63
K66: =(I66+J66)*10000 | L66: =K66*L63
K67: =(I67+J67)*10000 | L67: =K67*L63
K68: =(I68+J68)*10000 | L68: =K68*L63
K69: =(I69+J69)*10000 | L69: =K69*L63
K70: =(I70+J70)*10000 | L70: =K70*L63
K71: =(I71+J71)*10000 | L71: =K71*L63
K72: =(I72+J72)*10000 | L72: =K72*L63
C73: [김포] 이재원 기사님 [ 벽 / 원 / 포 / 스탠드 사무실 위주 ] | K73: 수당률 | L73: 0.5 | M73: 0 | N73: 0
C74: 날짜/예약시간 | E74: 성함 | F74: 연락처 | G74: 주소/주요사항 | H74: 에어컨종류/개수/일반&종합 | I74: 계약금 | J74: 잔금 | K74: 합계 | L74: 수당
K75: =(I75+J75)*10000 | L75: =K75*L73
K76: =(I76+J76)*10000 | L76: =K76*L73
K77: =(I77+J77)*10000 | L77: =K77*L73
K78: =(I78+J78)*10000 | L78: =K78*L73
K79: =(I79+J79)*10000 | L79: =K79*L73
K80: =(I80+J80)*10000 | L80: =K80*L73
K81: =(I81+J81)*10000 | L81: =K81*L73
K82: =(I82+J82)*10000 | L82: =K82*L73
C83: [인천 계양/토 휴무/일 근무] 선근 기사님 [ 벽 / 원 / 포 ] | K83: 수당률 | L83: 0.5 | M83: 0 | N83: 0
C84: 날짜/예약시간 | E84: 성함 | F84: 연락처 | G84: 주소/주요사항 | H84: 에어컨종류/개수/일반&종합 | I84: 계약금 | J84: 잔금 | K84: 합계 | L84: 수당
K85: =(I85+J85)*10000 | L85: =K85*L83
K86: =(I86+J86)*10000 | L86: =K86*L83
K87: =(I87+J87)*10000 | L87: =K87*L83
K88: =(I88+J88)*10000 | L88: =K88*L83
K89: =(I89+J89)*10000 | L89: =K89*L83
K90: =(I90+J90)*10000 | L90: =K90*L83
K91: =(I91+J91)*10000 | L91: =K91*L83
K92: =(I92+J92)*10000 | L92: =K92*L83
C93: [마포구/화토일 휴무] 지니 기사님 [벽걸이만 하루 4개] | K93: 수당률 | L93: 0.5 | M93: 0 | N93: 0
C94: 날짜/예약시간 | E94: 성함 | F94: 연락처 | G94: 주소/주요사항 | H94: 에어컨종류/개수/일반&종합 | I94: 계약금 | J94: 잔금 | K94: 합계 | L94: 수당
K95: =(I95+J95)*10000 | L95: =K95*L90
K96: =(I96+J96)*10000 | L96: =K96*L90
K97: =(I97+J97)*10000 | L97: =K97*L90
K98: =(I98+J98)*10000 | L98: =K98*L90
G99: 벽걸이 대수가 4개여야 합니다 (3시 마지막) | K99: 0 | L99: 0
K100: 0 | L100: 0
K101: 0 | L101: 0
...

Sheet 15
C1: =DATE(년,월,_xlfn.SHEET()) -> 25569.375 | P1: 금일 매출
C3: 아무것도 잡지마세요 | K3: 수당률 | M3: =SUM(K5:K12) | N3: =SUM(L5:L12)
B4: NO. | C4: 날짜/예약시간 | E4: 성함 | F4: 연락처 | G4: 주소/주요사항 | H4: 에어컨종류/개수/일반&종합 | I4: 계약금 | J4: 잔금 | K4: 합계 | L4: 수당 | P4: 순이익 | Q4: =P10-R10
B5: 1 | K5: =(I5+J5)*10000 | L5: =K5*L3
B6: 2 | K6: =(I6+J6)*10000 | L6: =K6*L3
B7: 3 | K7: =(I7+J7)*10000 | L7: =K7*L3 | P7: 수입 | R7: 지출
B8: 4 | K8: =(I8+J8)*10000 | L8: =K8*L3 | P8: 계약 | Q8: 기타 | R8: 수당비 | S8: 광고비 | T8: 기타
B9: 5 | K9: =(I9+J9)*10000 | L9: =K9*L3 | P9: =SUM(M:M) | R9: =SUM(N:N)
B10: 6 | K10: =(I10+J10)*10000 | L10: =K10*L3 | P10: =SUM(P9:Q9) | R10: =SUM(R9:T9)
B11: 7 | K11: =(I11+J11)*10000 | L11: =K11*L3
B12: 8 | K12: =(I12+J12)*10000 | L12: =K12*L3
C13: [인천시] 김의덕 기사님 [일정 여유롭게 / 벽/원/포/스탠드 사무실위주/고층사다리] | K13: 수당률 | L13: 0.5 | M13: =SUM(K15:K22) | N13: =SUM(L15:L22)
B14: NO. | C14: 날짜/예약시간 | E14: 성함 | F14: 연락처 | G14: 주소/주요사항 | H14: 에어컨종류/개수/일반&종합 | I14: 계약금 | J14: 잔금 | K14: 합계 | L14: 수당 | M14: 고층사다리
B15: 1 | K15: =(I15+J15)*10000 | L15: =K15*L13
B16: 2 | K16: =(I16+J16)*10000 | L16: =K16*L13
B17: 3 | K17: =(I17+J17)*10000 | L17: =K17*L13
B18: 4 | K18: =(I18+J18)*10000 | L18: =K18*L13
B19: 5 | K19: =(I19+J19)*10000 | L19: =K19*L13
B20: 6 | K20: =(I20+J20)*10000 | L20: =K20*L13
B21: 7 | K21: =(I21+J21)*10000 | L21: =K21*L13
B22: 8 | K22: =(I22+J22)*10000 | L22: =K22*L13
C23: [인천 서구/격주토요휴무] 신국관 기사님 [벽/원/포] | K23: 수당률 | L23: 0.5 | M23: =SUM(K25:K32) | N23: =SUM(L25:L32)
B24: NO. | C24: 날짜/예약시간 | E24: 성함 | F24: 연락처 | G24: 주소/주요사항 | H24: 에어컨종류/개수/일반&종합 | I24: 계약금 | J24: 잔금 | K24: 합계 | L24: 수당
B25: 1 | G25: 10시부터 일정 잡아주세요 | K25: =(I25+J25)*10000 | L25: =K25*L23
B26: 2 | K26: =(I26+J26)*10000 | L26: =K26*L23
B27: 3 | K27: =(I27+J27)*10000 | L27: =K27*L23
B28: 4 | K28: =(I28+J28)*10000 | L28: =K28*L23
B29: 5 | K29: =(I29+J29)*10000 | L29: =K29*L23
B30: 6 | K30: =(I30+J30)*10000 | L30: =K30*L23
B31: 7 | K31: =(I31+J31)*10000 | L31: =K31*L23
B32: 8 | K32: =(I32+J32)*10000 | L32: =K32*L23
C33: [김포시] 전상현 기사님 [일정 여유롭게 / 벽/원/스탠드 사무실위주/통] | K33: 수당률 | L33: 0.5 | M33: =SUM(K35:K42) | N33: =SUM(L35:L42)
C34: 날짜/예약시간 | E34: 성함 | F34: 연락처 | G34: 주소/주요사항 | H34: 에어컨종류/개수/일반&종합 | I34: 계약금 | J34: 잔금 | K34: 합계 | L34: 수당 | M34: 포웨이 3시간
K35: =(I35+J35)*10000 | L35: =K35*L33
K36: =(I36+J36)*10000 | L36: =K36*L33
K37: =(I37+J37)*10000 | L37: =K37*L33
K38: =(I38+J38)*10000 | L38: =K38*L33
K39: =(I39+J39)*10000 | L39: =K39*L33
K40: =(I40+J40)*10000 | L40: =K40*L33
K41: =(I41+J41)*10000 | L41: =K41*L33
K42: =(I42+J42)*10000 | L42: =K42*L33
C43: 부천 중동 기사님 [일정 여유롭게 / 벽/원/스탠드 사무실위주] | K43: 수당률 | L43: 0.5 | M43: 0 | N43: 0
C44: 날짜/예약시간 | E44: 성함 | F44: 연락처 | G44: 주소/주요사항 | H44: 에어컨종류/개수/일반&종합 | I44: 계약금 | J44: 잔금 | K44: 합계 | L44: 수당
K45: =(I45+J45)*10000 | L45: =K45*L43
K46: =(I46+J46)*10000 | L46: =K46*L43
K47: =(I47+J47)*10000 | L47: =K47*L43
K48: =(I48+J48)*10000 | L48: =K48*L43
K49: =(I49+J49)*10000 | L49: =K49*L43
K50: =(I50+J50)*10000 | L50: =K50*L43
K51: =(I51+J51)*10000 | L51: =K51*L43
K52: =(I52+J52)*10000 | L52: =K52*L43
C53: [부천] 김민구 기사님 [ 벽 / 원 / 포 / 스탠드 사무실 위주 ] | K53: 수당률 | L53: 0.5 | M53: 0 | N53: 0
C54: 날짜/예약시간 | E54: 성함 | F54: 연락처 | G54: 주소/주요사항 | H54: 에어컨종류/개수/일반&종합 | I54: 계약금 | J54: 잔금 | K54: 합계 | L54: 수당
K55: =(I55+J55)*10000 | L55: =K55*L53
K56: =(I56+J56)*10000 | L56: =K56*L53
K57: =(I57+J57)*10000 | L57: =K57*L53
K58: =(I58+J58)*10000 | L58: =K58*L53
K59: =(I59+J59)*10000 | L59: =K59*L53
K60: =(I60+J60)*10000 | L60: =K60*L53
K61: =(I61+J61)*10000 | L61: =K61*L53
K62: =(I62+J62)*10000 | L62: =K62*L53
C63: [김포] 구형모 기사님 [ 벽 / 원 / 포 / 스탠드 사무실 위주 ] | K63: 수당률 | L63: 0.5 | M63: 0 | N63: 0
C64: 날짜/예약시간 | E64: 성함 | F64: 연락처 | G64: 주소/주요사항 | H64: 에어컨종류/개수/일반&종합 | I64: 계약금 | J64: 잔금 | K64: 0 | L64: 0
K65: =(I65+J65)*10000 | L65: =K65*L63
K66: =(I66+J66)*10000 | L66: =K66*L63
K67: =(I67+J67)*10000 | L67: =K67*L63
K68: =(I68+J68)*10000 | L68: =K68*L63
K69: =(I69+J69)*10000 | L69: =K69*L63
K70: =(I70+J70)*10000 | L70: =K70*L63
K71: =(I71+J71)*10000 | L71: =K71*L63
K72: =(I72+J72)*10000 | L72: =K72*L63
C73: [김포] 이재원 기사님 [ 벽 / 원 / 포 / 스탠드 사무실 위주 ] | K73: 수당률 | L73: 0.5 | M73: 0 | N73: 0
C74: 날짜/예약시간 | E74: 성함 | F74: 연락처 | G74: 주소/주요사항 | H74: 에어컨종류/개수/일반&종합 | I74: 계약금 | J74: 잔금 | K74: 합계 | L74: 수당
K75: =(I75+J75)*10000 | L75: =K75*L73
K76: =(I76+J76)*10000 | L76: =K76*L73
K77: =(I77+J77)*10000 | L77: =K77*L73
K78: =(I78+J78)*10000 | L78: =K78*L73
K79: =(I79+J79)*10000 | L79: =K79*L73
K80: =(I80+J80)*10000 | L80: =K80*L73
K81: =(I81+J81)*10000 | L81: =K81*L73
K82: =(I82+J82)*10000 | L82: =K82*L73
C83: [인천 계양/토 휴무/일 근무] 선근 기사님 [ 벽 / 원 / 포 ] | K83: 수당률 | L83: 0.5 | M83: 0 | N83: 0
C84: 날짜/예약시간 | E84: 성함 | F84: 연락처 | G84: 주소/주요사항 | H84: 에어컨종류/개수/일반&종합 | I84: 계약금 | J84: 잔금 | K84: 합계 | L84: 수당
K85: =(I85+J85)*10000 | L85: =K85*L83
K86: =(I86+J86)*10000 | L86: =K86*L83
K87: =(I87+J87)*10000 | L87: =K87*L83
K88: =(I88+J88)*10000 | L88: =K88*L83
K89: =(I89+J89)*10000 | L89: =K89*L83
K90: =(I90+J90)*10000 | L90: =K90*L83
K91: =(I91+J91)*10000 | L91: =K91*L83
K92: =(I92+J92)*10000 | L92: =K92*L83
C93: [마포구/화토일 휴무] 지니 기사님 [벽걸이만 하루 4개] | K93: 수당률 | L93: 0.5 | M93: 0 | N93: 0
C94: 날짜/예약시간 | E94: 성함 | F94: 연락처 | G94: 주소/주요사항 | H94: 에어컨종류/개수/일반&종합 | I94: 계약금 | J94: 잔금 | K94: 합계 | L94: 수당
K95: =(I95+J95)*10000 | L95: =K95*L90
K96: =(I96+J96)*10000 | L96: =K96*L90
K97: =(I97+J97)*10000 | L97: =K97*L90
K98: =(I98+J98)*10000 | L98: =K98*L90
G99: 벽걸이 대수가 4개여야 합니다 (3시 마지막) | K99: 0 | L99: 0
K100: 0 | L100: 0
K101: 0 | L101: 0
...

Sheet 16
C1: =DATE(년,월,_xlfn.SHEET()) -> 25569.375 | P1: 금일 매출
C3: 아무것도 잡지마세요 | K3: 수당률 | M3: =SUM(K5:K12) | N3: =SUM(L5:L12)
B4: NO. | C4: 날짜/예약시간 | E4: 성함 | F4: 연락처 | G4: 주소/주요사항 | H4: 에어컨종류/개수/일반&종합 | I4: 계약금 | J4: 잔금 | K4: 합계 | L4: 수당 | P4: 순이익 | Q4: =P10-R10
B5: 1 | K5: =(I5+J5)*10000 | L5: =K5*L3
B6: 2 | K6: =(I6+J6)*10000 | L6: =K6*L3
B7: 3 | K7: =(I7+J7)*10000 | L7: =K7*L3 | P7: 수입 | R7: 지출
B8: 4 | K8: =(I8+J8)*10000 | L8: =K8*L3 | P8: 계약 | Q8: 기타 | R8: 수당비 | S8: 광고비 | T8: 기타
B9: 5 | K9: =(I9+J9)*10000 | L9: =K9*L3 | P9: =SUM(M:M) | R9: =SUM(N:N)
B10: 6 | K10: =(I10+J10)*10000 | L10: =K10*L3 | P10: =SUM(P9:Q9) | R10: =SUM(R9:T9)
B11: 7 | K11: =(I11+J11)*10000 | L11: =K11*L3
B12: 8 | K12: =(I12+J12)*10000 | L12: =K12*L3
C13: [인천시] 김의덕 기사님 [일정 여유롭게 / 벽/원/포/스탠드 사무실위주/고층사다리] | K13: 수당률 | L13: 0.5 | M13: =SUM(K15:K22) | N13: =SUM(L15:L22)
B14: NO. | C14: 날짜/예약시간 | E14: 성함 | F14: 연락처 | G14: 주소/주요사항 | H14: 에어컨종류/개수/일반&종합 | I14: 계약금 | J14: 잔금 | K14: 합계 | L14: 수당 | M14: 고층사다리
B15: 1 | K15: =(I15+J15)*10000 | L15: =K15*L13
B16: 2 | K16: =(I16+J16)*10000 | L16: =K16*L13
B17: 3 | K17: =(I17+J17)*10000 | L17: =K17*L13
B18: 4 | K18: =(I18+J18)*10000 | L18: =K18*L13
B19: 5 | K19: =(I19+J19)*10000 | L19: =K19*L13
B20: 6 | K20: =(I20+J20)*10000 | L20: =K20*L13
B21: 7 | K21: =(I21+J21)*10000 | L21: =K21*L13
B22: 8 | K22: =(I22+J22)*10000 | L22: =K22*L13
C23: [인천 서구/격주토요휴무] 신국관 기사님 [벽/원/포] | K23: 수당률 | L23: 0.5 | M23: =SUM(K25:K32) | N23: =SUM(L25:L32)
B24: NO. | C24: 날짜/예약시간 | E24: 성함 | F24: 연락처 | G24: 주소/주요사항 | H24: 에어컨종류/개수/일반&종합 | I24: 계약금 | J24: 잔금 | K24: 합계 | L24: 수당
B25: 1 | G25: 10시부터 일정 잡아주세요 | K25: =(I25+J25)*10000 | L25: =K25*L23
B26: 2 | K26: =(I26+J26)*10000 | L26: =K26*L23
B27: 3 | C27: 16 | D27: 1시~2시 | E27: 윤지유 | F27: 010-7740-5863 | G27: 서초구 잠원로157 119동 313호 | H27: 벽걸이 종합 | I27: 3 | J27: 5 | K27: =(I27+J27)*10000 | L27: =K27*L23
B28: 4 | K28: =(I28+J28)*10000 | L28: =K28*L23
B29: 5 | K29: =(I29+J29)*10000 | L29: =K29*L23
B30: 6 | K30: =(I30+J30)*10000 | L30: =K30*L23
B31: 7 | K31: =(I31+J31)*10000 | L31: =K31*L23
B32: 8 | K32: =(I32+J32)*10000 | L32: =K32*L23
C33: [김포시] 전상현 기사님 [일정 여유롭게 / 벽/원/스탠드 사무실위주/통] | K33: 수당률 | L33: 0.5 | M33: =SUM(K35:K42) | N33: =SUM(L35:L42)
C34: 날짜/예약시간 | E34: 성함 | F34: 연락처 | G34: 주소/주요사항 | H34: 에어컨종류/개수/일반&종합 | I34: 계약금 | J34: 잔금 | K34: 합계 | L34: 수당 | M34: 포웨이 3시간
K35: =(I35+J35)*10000 | L35: =K35*L33
K36: =(I36+J36)*10000 | L36: =K36*L33
K37: =(I37+J37)*10000 | L37: =K37*L33
K38: =(I38+J38)*10000 | L38: =K38*L33
K39: =(I39+J39)*10000 | L39: =K39*L33
K40: =(I40+J40)*10000 | L40: =K40*L33
K41: =(I41+J41)*10000 | L41: =K41*L33
K42: =(I42+J42)*10000 | L42: =K42*L33
C43: 부천 중동 기사님 [일정 여유롭게 / 벽/원/스탠드 사무실위주] | K43: 수당률 | L43: 0.5 | M43: 0 | N43: 0
C44: 날짜/예약시간 | E44: 성함 | F44: 연락처 | G44: 주소/주요사항 | H44: 에어컨종류/개수/일반&종합 | I44: 계약금 | J44: 잔금 | K44: 합계 | L44: 수당
K45: =(I45+J45)*10000 | L45: =K45*L43
K46: =(I46+J46)*10000 | L46: =K46*L43
K47: =(I47+J47)*10000 | L47: =K47*L43
K48: =(I48+J48)*10000 | L48: =K48*L43
K49: =(I49+J49)*10000 | L49: =K49*L43
K50: =(I50+J50)*10000 | L50: =K50*L43
K51: =(I51+J51)*10000 | L51: =K51*L43
K52: =(I52+J52)*10000 | L52: =K52*L43
C53: [부천] 김민구 기사님 [ 벽 / 원 / 포 / 스탠드 사무실 위주 ] | K53: 수당률 | L53: 0.5 | M53: 0 | N53: 0
C54: 날짜/예약시간 | E54: 성함 | F54: 연락처 | G54: 주소/주요사항 | H54: 에어컨종류/개수/일반&종합 | I54: 계약금 | J54: 잔금 | K54: 합계 | L54: 수당
K55: =(I55+J55)*10000 | L55: =K55*L53
K56: =(I56+J56)*10000 | L56: =K56*L53
K57: =(I57+J57)*10000 | L57: =K57*L53
K58: =(I58+J58)*10000 | L58: =K58*L53
K59: =(I59+J59)*10000 | L59: =K59*L53
K60: =(I60+J60)*10000 | L60: =K60*L53
K61: =(I61+J61)*10000 | L61: =K61*L53
K62: =(I62+J62)*10000 | L62: =K62*L53
C63: [김포] 구형모 기사님 [ 벽 / 원 / 포 / 스탠드 사무실 위주 ] | K63: 수당률 | L63: 0.5 | M63: 0 | N63: 0
C64: 날짜/예약시간 | E64: 성함 | F64: 연락처 | G64: 주소/주요사항 | H64: 에어컨종류/개수/일반&종합 | I64: 계약금 | J64: 잔금 | K64: 0 | L64: 0
K65: =(I65+J65)*10000 | L65: =K65*L63
K66: =(I66+J66)*10000 | L66: =K66*L63
K67: =(I67+J67)*10000 | L67: =K67*L63
K68: =(I68+J68)*10000 | L68: =K68*L63
K69: =(I69+J69)*10000 | L69: =K69*L63
K70: =(I70+J70)*10000 | L70: =K70*L63
K71: =(I71+J71)*10000 | L71: =K71*L63
K72: =(I72+J72)*10000 | L72: =K72*L63
C73: [김포] 이재원 기사님 [ 벽 / 원 / 포 / 스탠드 사무실 위주 ] | K73: 수당률 | L73: 0.5 | M73: 0 | N73: 0
C74: 날짜/예약시간 | E74: 성함 | F74: 연락처 | G74: 주소/주요사항 | H74: 에어컨종류/개수/일반&종합 | I74: 계약금 | J74: 잔금 | K74: 합계 | L74: 수당
K75: =(I75+J75)*10000 | L75: =K75*L73
K76: =(I76+J76)*10000 | L76: =K76*L73
K77: =(I77+J77)*10000 | L77: =K77*L73
K78: =(I78+J78)*10000 | L78: =K78*L73
K79: =(I79+J79)*10000 | L79: =K79*L73
K80: =(I80+J80)*10000 | L80: =K80*L73
K81: =(I81+J81)*10000 | L81: =K81*L73
K82: =(I82+J82)*10000 | L82: =K82*L73
C83: [인천 계양/토 휴무/일 근무] 선근 기사님 [ 벽 / 원 / 포 ] | K83: 수당률 | L83: 0.5 | M83: 0 | N83: 0
C84: 날짜/예약시간 | E84: 성함 | F84: 연락처 | G84: 주소/주요사항 | H84: 에어컨종류/개수/일반&종합 | I84: 계약금 | J84: 잔금 | K84: 합계 | L84: 수당
K85: =(I85+J85)*10000 | L85: =K85*L83
K86: =(I86+J86)*10000 | L86: =K86*L83
K87: =(I87+J87)*10000 | L87: =K87*L83
K88: =(I88+J88)*10000 | L88: =K88*L83
K89: =(I89+J89)*10000 | L89: =K89*L83
K90: =(I90+J90)*10000 | L90: =K90*L83
K91: =(I91+J91)*10000 | L91: =K91*L83
K92: =(I92+J92)*10000 | L92: =K92*L83
C93: [마포구/화토일 휴무] 지니 기사님 [벽걸이만 하루 4개] | K93: 수당률 | L93: 0.5 | M93: 0 | N93: 0
C94: 날짜/예약시간 | E94: 성함 | F94: 연락처 | G94: 주소/주요사항 | H94: 에어컨종류/개수/일반&종합 | I94: 계약금 | J94: 잔금 | K94: 합계 | L94: 수당
K95: =(I95+J95)*10000 | L95: =K95*L90
K96: =(I96+J96)*10000 | L96: =K96*L90
K97: =(I97+J97)*10000 | L97: =K97*L90
K98: =(I98+J98)*10000 | L98: =K98*L90
G99: 벽걸이 대수가 4개여야 합니다 (3시 마지막) | K99: 0 | L99: 0
K100: 0 | L100: 0
K101: 0 | L101: 0
...

Sheet 17
C1: =DATE(년,월,_xlfn.SHEET()) -> 25569.375 | P1: 금일 매출
C3: 아무것도 잡지마세요 | K3: 수당률 | M3: =SUM(K5:K12) | N3: =SUM(L5:L12)
B4: NO. | C4: 날짜/예약시간 | E4: 성함 | F4: 연락처 | G4: 주소/주요사항 | H4: 에어컨종류/개수/일반&종합 | I4: 계약금 | J4: 잔금 | K4: 합계 | L4: 수당 | P4: 순이익 | Q4: =P10-R10
B5: 1 | K5: =(I5+J5)*10000 | L5: =K5*L3
B6: 2 | K6: =(I6+J6)*10000 | L6: =K6*L3
B7: 3 | K7: =(I7+J7)*10000 | L7: =K7*L3 | P7: 수입 | R7: 지출
B8: 4 | K8: =(I8+J8)*10000 | L8: =K8*L3 | P8: 계약 | Q8: 기타 | R8: 수당비 | S8: 광고비 | T8: 기타
B9: 5 | K9: =(I9+J9)*10000 | L9: =K9*L3 | P9: =SUM(M:M) | R9: =SUM(N:N)
B10: 6 | K10: =(I10+J10)*10000 | L10: =K10*L3 | P10: =SUM(P9:Q9) | R10: =SUM(R9:T9)
B11: 7 | K11: =(I11+J11)*10000 | L11: =K11*L3
B12: 8 | K12: =(I12+J12)*10000 | L12: =K12*L3
C13: [인천시] 김의덕 기사님 [일정 여유롭게 / 벽/원/포/스탠드 사무실위주/고층사다리] | K13: 수당률 | L13: 0.5 | M13: =SUM(K15:K22) | N13: =SUM(L15:L22)
B14: NO. | C14: 날짜/예약시간 | E14: 성함 | F14: 연락처 | G14: 주소/주요사항 | H14: 에어컨종류/개수/일반&종합 | I14: 계약금 | J14: 잔금 | K14: 합계 | L14: 수당 | M14: 고층사다리
B15: 1 | K15: =(I15+J15)*10000 | L15: =K15*L13
B16: 2 | K16: =(I16+J16)*10000 | L16: =K16*L13
B17: 3 | K17: =(I17+J17)*10000 | L17: =K17*L13
B18: 4 | K18: =(I18+J18)*10000 | L18: =K18*L13
B19: 5 | K19: =(I19+J19)*10000 | L19: =K19*L13
B20: 6 | K20: =(I20+J20)*10000 | L20: =K20*L13
B21: 7 | K21: =(I21+J21)*10000 | L21: =K21*L13
B22: 8 | K22: =(I22+J22)*10000 | L22: =K22*L13
C23: [인천 서구/격주토요휴무] 신국관 기사님 [벽/원/포] | K23: 수당률 | L23: 0.5 | M23: =SUM(K25:K32) | N23: =SUM(L25:L32)
B24: NO. | C24: 날짜/예약시간 | E24: 성함 | F24: 연락처 | G24: 주소/주요사항 | H24: 에어컨종류/개수/일반&종합 | I24: 계약금 | J24: 잔금 | K24: 합계 | L24: 수당
B25: 1 | G25: 10시부터 일정 잡아주세요 | K25: =(I25+J25)*10000 | L25: =K25*L23
B26: 2 | K26: =(I26+J26)*10000 | L26: =K26*L23
B27: 3 | K27: =(I27+J27)*10000 | L27: =K27*L23
B28: 4 | K28: =(I28+J28)*10000 | L28: =K28*L23
B29: 5 | K29: =(I29+J29)*10000 | L29: =K29*L23
B30: 6 | K30: =(I30+J30)*10000 | L30: =K30*L23
B31: 7 | K31: =(I31+J31)*10000 | L31: =K31*L23
B32: 8 | K32: =(I32+J32)*10000 | L32: =K32*L23
C33: [김포시] 전상현 기사님 [일정 여유롭게 / 벽/원/스탠드 사무실위주/통] | K33: 수당률 | L33: 0.5 | M33: =SUM(K35:K42) | N33: =SUM(L35:L42)
C34: 날짜/예약시간 | E34: 성함 | F34: 연락처 | G34: 주소/주요사항 | H34: 에어컨종류/개수/일반&종합 | I34: 계약금 | J34: 잔금 | K34: 합계 | L34: 수당 | M34: 포웨이 3시간
K35: =(I35+J35)*10000 | L35: =K35*L33
K36: =(I36+J36)*10000 | L36: =K36*L33
K37: =(I37+J37)*10000 | L37: =K37*L33
K38: =(I38+J38)*10000 | L38: =K38*L33
K39: =(I39+J39)*10000 | L39: =K39*L33
K40: =(I40+J40)*10000 | L40: =K40*L33
K41: =(I41+J41)*10000 | L41: =K41*L33
K42: =(I42+J42)*10000 | L42: =K42*L33
C43: 부천 중동 기사님 [일정 여유롭게 / 벽/원/스탠드 사무실위주] | K43: 수당률 | L43: 0.5 | M43: 0 | N43: 0
C44: 날짜/예약시간 | E44: 성함 | F44: 연락처 | G44: 주소/주요사항 | H44: 에어컨종류/개수/일반&종합 | I44: 계약금 | J44: 잔금 | K44: 합계 | L44: 수당
K45: =(I45+J45)*10000 | L45: =K45*L43
K46: =(I46+J46)*10000 | L46: =K46*L43
K47: =(I47+J47)*10000 | L47: =K47*L43
K48: =(I48+J48)*10000 | L48: =K48*L43
K49: =(I49+J49)*10000 | L49: =K49*L43
K50: =(I50+J50)*10000 | L50: =K50*L43
K51: =(I51+J51)*10000 | L51: =K51*L43
K52: =(I52+J52)*10000 | L52: =K52*L43
C53: [부천] 김민구 기사님 [ 벽 / 원 / 포 / 스탠드 사무실 위주 ] | K53: 수당률 | L53: 0.5 | M53: 0 | N53: 0
C54: 날짜/예약시간 | E54: 성함 | F54: 연락처 | G54: 주소/주요사항 | H54: 에어컨종류/개수/일반&종합 | I54: 계약금 | J54: 잔금 | K54: 합계 | L54: 수당
K55: =(I55+J55)*10000 | L55: =K55*L53
K56: =(I56+J56)*10000 | L56: =K56*L53
K57: =(I57+J57)*10000 | L57: =K57*L53
K58: =(I58+J58)*10000 | L58: =K58*L53
K59: =(I59+J59)*10000 | L59: =K59*L53
K60: =(I60+J60)*10000 | L60: =K60*L53
K61: =(I61+J61)*10000 | L61: =K61*L53
K62: =(I62+J62)*10000 | L62: =K62*L53
C63: [김포] 구형모 기사님 [ 벽 / 원 / 포 / 스탠드 사무실 위주 ] | K63: 수당률 | L63: 0.5 | M63: 0 | N63: 0
C64: 날짜/예약시간 | E64: 성함 | F64: 연락처 | G64: 주소/주요사항 | H64: 에어컨종류/개수/일반&종합 | I64: 계약금 | J64: 잔금 | K64: 0 | L64: 0
K65: =(I65+J65)*10000 | L65: =K65*L63
K66: =(I66+J66)*10000 | L66: =K66*L63
K67: =(I67+J67)*10000 | L67: =K67*L63
K68: =(I68+J68)*10000 | L68: =K68*L63
K69: =(I69+J69)*10000 | L69: =K69*L63
K70: =(I70+J70)*10000 | L70: =K70*L63
K71: =(I71+J71)*10000 | L71: =K71*L63
K72: =(I72+J72)*10000 | L72: =K72*L63
C73: [김포] 이재원 기사님 [ 벽 / 원 / 포 / 스탠드 사무실 위주 ] | K73: 수당률 | L73: 0.5 | M73: 0 | N73: 0
C74: 날짜/예약시간 | E74: 성함 | F74: 연락처 | G74: 주소/주요사항 | H74: 에어컨종류/개수/일반&종합 | I74: 계약금 | J74: 잔금 | K74: 합계 | L74: 수당
K75: =(I75+J75)*10000 | L75: =K75*L73
K76: =(I76+J76)*10000 | L76: =K76*L73
K77: =(I77+J77)*10000 | L77: =K77*L73
K78: =(I78+J78)*10000 | L78: =K78*L73
K79: =(I79+J79)*10000 | L79: =K79*L73
K80: =(I80+J80)*10000 | L80: =K80*L73
K81: =(I81+J81)*10000 | L81: =K81*L73
K82: =(I82+J82)*10000 | L82: =K82*L73
C83: [인천 계양/토 휴무/일 근무] 선근 기사님 [ 벽 / 원 / 포 ] | K83: 수당률 | L83: 0.5 | M83: 0 | N83: 0
C84: 날짜/예약시간 | E84: 성함 | F84: 연락처 | G84: 주소/주요사항 | H84: 에어컨종류/개수/일반&종합 | I84: 계약금 | J84: 잔금 | K84: 합계 | L84: 수당
K85: =(I85+J85)*10000 | L85: =K85*L83
K86: =(I86+J86)*10000 | L86: =K86*L83
K87: =(I87+J87)*10000 | L87: =K87*L83
K88: =(I88+J88)*10000 | L88: =K88*L83
K89: =(I89+J89)*10000 | L89: =K89*L83
K90: =(I90+J90)*10000 | L90: =K90*L83
K91: =(I91+J91)*10000 | L91: =K91*L83
K92: =(I92+J92)*10000 | L92: =K92*L83
C93: [마포구/화토일 휴무] 지니 기사님 [벽걸이만 하루 4개] | K93: 수당률 | L93: 0.5 | M93: 0 | N93: 0
C94: 날짜/예약시간 | E94: 성함 | F94: 연락처 | G94: 주소/주요사항 | H94: 에어컨종류/개수/일반&종합 | I94: 계약금 | J94: 잔금 | K94: 합계 | L94: 수당
K95: =(I95+J95)*10000 | L95: =K95*L90
K96: =(I96+J96)*10000 | L96: =K96*L90
K97: =(I97+J97)*10000 | L97: =K97*L90
K98: =(I98+J98)*10000 | L98: =K98*L90
G99: 벽걸이 대수가 4개여야 합니다 (3시 마지막) | K99: 0 | L99: 0
K100: 0 | L100: 0
K101: 0 | L101: 0
...

Sheet 19
C1: =DATE(년,월,_xlfn.SHEET()) -> 25569.375 | P1: 금일 매출
C3: 아무것도 잡지마세요 | K3: 수당률 | M3: =SUM(K5:K12) | N3: =SUM(L5:L12)
B4: NO. | C4: 날짜/예약시간 | E4: 성함 | F4: 연락처 | G4: 주소/주요사항 | H4: 에어컨종류/개수/일반&종합 | I4: 계약금 | J4: 잔금 | K4: 합계 | L4: 수당 | P4: 순이익 | Q4: =P10-R10
B5: 1 | K5: =(I5+J5)*10000 | L5: =K5*L3
B6: 2 | K6: =(I6+J6)*10000 | L6: =K6*L3
B7: 3 | K7: =(I7+J7)*10000 | L7: =K7*L3 | P7: 수입 | R7: 지출
B8: 4 | K8: =(I8+J8)*10000 | L8: =K8*L3 | P8: 계약 | Q8: 기타 | R8: 수당비 | S8: 광고비 | T8: 기타
B9: 5 | K9: =(I9+J9)*10000 | L9: =K9*L3 | P9: =SUM(M:M) | R9: =SUM(N:N)
B10: 6 | K10: =(I10+J10)*10000 | L10: =K10*L3 | P10: =SUM(P9:Q9) | R10: =SUM(R9:T9)
B11: 7 | K11: =(I11+J11)*10000 | L11: =K11*L3
B12: 8 | K12: =(I12+J12)*10000 | L12: =K12*L3
C13: [인천시] 김의덕 기사님 [일정 여유롭게 / 벽/원/포/스탠드 사무실위주/고층사다리] | K13: 수당률 | L13: 0.5 | M13: =SUM(K15:K22) | N13: =SUM(L15:L22)
B14: NO. | C14: 날짜/예약시간 | E14: 성함 | F14: 연락처 | G14: 주소/주요사항 | H14: 에어컨종류/개수/일반&종합 | I14: 계약금 | J14: 잔금 | K14: 합계 | L14: 수당 | M14: 고층사다리
B15: 1 | K15: =(I15+J15)*10000 | L15: =K15*L13
B16: 2 | K16: =(I16+J16)*10000 | L16: =K16*L13
B17: 3 | K17: =(I17+J17)*10000 | L17: =K17*L13
B18: 4 | K18: =(I18+J18)*10000 | L18: =K18*L13
B19: 5 | K19: =(I19+J19)*10000 | L19: =K19*L13
B20: 6 | K20: =(I20+J20)*10000 | L20: =K20*L13
B21: 7 | K21: =(I21+J21)*10000 | L21: =K21*L13
B22: 8 | K22: =(I22+J22)*10000 | L22: =K22*L13
C23: [인천 서구/격주토요휴무] 신국관 기사님 [벽/원/포] | K23: 수당률 | L23: 0.5 | M23: =SUM(K25:K32) | N23: =SUM(L25:L32)
B24: NO. | C24: 날짜/예약시간 | E24: 성함 | F24: 연락처 | G24: 주소/주요사항 | H24: 에어컨종류/개수/일반&종합 | I24: 계약금 | J24: 잔금 | K24: 합계 | L24: 수당
B25: 1 | G25: 10시부터 일정 잡아주세요 | K25: =(I25+J25)*10000 | L25: =K25*L23
B26: 2 | K26: =(I26+J26)*10000 | L26: =K26*L23
B27: 3 | K27: =(I27+J27)*10000 | L27: =K27*L23
B28: 4 | K28: =(I28+J28)*10000 | L28: =K28*L23
B29: 5 | K29: =(I29+J29)*10000 | L29: =K29*L23
B30: 6 | K30: =(I30+J30)*10000 | L30: =K30*L23
B31: 7 | K31: =(I31+J31)*10000 | L31: =K31*L23
B32: 8 | K32: =(I32+J32)*10000 | L32: =K32*L23
C33: [김포시] 전상현 기사님 [일정 여유롭게 / 벽/원/스탠드 사무실위주/통] | K33: 수당률 | L33: 0.5 | M33: =SUM(K35:K42) | N33: =SUM(L35:L42)
C34: 날짜/예약시간 | E34: 성함 | F34: 연락처 | G34: 주소/주요사항 | H34: 에어컨종류/개수/일반&종합 | I34: 계약금 | J34: 잔금 | K34: 합계 | L34: 수당 | M34: 포웨이 3시간
K35: =(I35+J35)*10000 | L35: =K35*L33
K36: =(I36+J36)*10000 | L36: =K36*L33
K37: =(I37+J37)*10000 | L37: =K37*L33
K38: =(I38+J38)*10000 | L38: =K38*L33
K39: =(I39+J39)*10000 | L39: =K39*L33
K40: =(I40+J40)*10000 | L40: =K40*L33
K41: =(I41+J41)*10000 | L41: =K41*L33
K42: =(I42+J42)*10000 | L42: =K42*L33
C43: 부천 중동 기사님 [일정 여유롭게 / 벽/원/스탠드 사무실위주] | K43: 수당률 | L43: 0.5 | M43: 0 | N43: 0
C44: 날짜/예약시간 | E44: 성함 | F44: 연락처 | G44: 주소/주요사항 | H44: 에어컨종류/개수/일반&종합 | I44: 계약금 | J44: 잔금 | K44: 합계 | L44: 수당
K45: =(I45+J45)*10000 | L45: =K45*L43
K46: =(I46+J46)*10000 | L46: =K46*L43
K47: =(I47+J47)*10000 | L47: =K47*L43
K48: =(I48+J48)*10000 | L48: =K48*L43
K49: =(I49+J49)*10000 | L49: =K49*L43
K50: =(I50+J50)*10000 | L50: =K50*L43
K51: =(I51+J51)*10000 | L51: =K51*L43
K52: =(I52+J52)*10000 | L52: =K52*L43
C53: [부천] 김민구 기사님 [ 벽 / 원 / 포 / 스탠드 사무실 위주 ] | K53: 수당률 | L53: 0.5 | M53: 0 | N53: 0
C54: 날짜/예약시간 | E54: 성함 | F54: 연락처 | G54: 주소/주요사항 | H54: 에어컨종류/개수/일반&종합 | I54: 계약금 | J54: 잔금 | K54: 합계 | L54: 수당
K55: =(I55+J55)*10000 | L55: =K55*L53
K56: =(I56+J56)*10000 | L56: =K56*L53
K57: =(I57+J57)*10000 | L57: =K57*L53
K58: =(I58+J58)*10000 | L58: =K58*L53
K59: =(I59+J59)*10000 | L59: =K59*L53
K60: =(I60+J60)*10000 | L60: =K60*L53
K61: =(I61+J61)*10000 | L61: =K61*L53
K62: =(I62+J62)*10000 | L62: =K62*L53
C63: [김포] 구형모 기사님 [ 벽 / 원 / 포 / 스탠드 사무실 위주 ] | K63: 수당률 | L63: 0.5 | M63: 0 | N63: 0
C64: 날짜/예약시간 | E64: 성함 | F64: 연락처 | G64: 주소/주요사항 | H64: 에어컨종류/개수/일반&종합 | I64: 계약금 | J64: 잔금 | K64: 0 | L64: 0
K65: =(I65+J65)*10000 | L65: =K65*L63
K66: =(I66+J66)*10000 | L66: =K66*L63
K67: =(I67+J67)*10000 | L67: =K67*L63
K68: =(I68+J68)*10000 | L68: =K68*L63
K69: =(I69+J69)*10000 | L69: =K69*L63
K70: =(I70+J70)*10000 | L70: =K70*L63
K71: =(I71+J71)*10000 | L71: =K71*L63
K72: =(I72+J72)*10000 | L72: =K72*L63
C73: [김포] 이재원 기사님 [ 벽 / 원 / 포 / 스탠드 사무실 위주 ] | K73: 수당률 | L73: 0.5 | M73: 0 | N73: 0
C74: 날짜/예약시간 | E74: 성함 | F74: 연락처 | G74: 주소/주요사항 | H74: 에어컨종류/개수/일반&종합 | I74: 계약금 | J74: 잔금 | K74: 합계 | L74: 수당
K75: =(I75+J75)*10000 | L75: =K75*L73
K76: =(I76+J76)*10000 | L76: =K76*L73
K77: =(I77+J77)*10000 | L77: =K77*L73
K78: =(I78+J78)*10000 | L78: =K78*L73
K79: =(I79+J79)*10000 | L79: =K79*L73
K80: =(I80+J80)*10000 | L80: =K80*L73
K81: =(I81+J81)*10000 | L81: =K81*L73
K82: =(I82+J82)*10000 | L82: =K82*L73
C83: [인천 계양/토 휴무/일 근무] 선근 기사님 [ 벽 / 원 / 포 ] | K83: 수당률 | L83: 0.5 | M83: 0 | N83: 0
C84: 날짜/예약시간 | E84: 성함 | F84: 연락처 | G84: 주소/주요사항 | H84: 에어컨종류/개수/일반&종합 | I84: 계약금 | J84: 잔금 | K84: 합계 | L84: 수당
K85: =(I85+J85)*10000 | L85: =K85*L83
K86: =(I86+J86)*10000 | L86: =K86*L83
K87: =(I87+J87)*10000 | L87: =K87*L83
K88: =(I88+J88)*10000 | L88: =K88*L83
K89: =(I89+J89)*10000 | L89: =K89*L83
K90: =(I90+J90)*10000 | L90: =K90*L83
K91: =(I91+J91)*10000 | L91: =K91*L83
K92: =(I92+J92)*10000 | L92: =K92*L83
C93: [마포구/화토일 휴무] 지니 기사님 [벽걸이만 하루 4개] | K93: 수당률 | L93: 0.5 | M93: 0 | N93: 0
C94: 날짜/예약시간 | E94: 성함 | F94: 연락처 | G94: 주소/주요사항 | H94: 에어컨종류/개수/일반&종합 | I94: 계약금 | J94: 잔금 | K94: 합계 | L94: 수당
K95: =(I95+J95)*10000 | L95: =K95*L90
K96: =(I96+J96)*10000 | L96: =K96*L90
K97: =(I97+J97)*10000 | L97: =K97*L90
K98: =(I98+J98)*10000 | L98: =K98*L90
G99: 벽걸이 대수가 4개여야 합니다 (3시 마지막) | K99: 0 | L99: 0
K100: 0 | L100: 0
K101: 0 | L101: 0
...

Sheet 18
C1: =DATE(년,월,_xlfn.SHEET()) -> 25569.375 | P1: 금일 매출
C3: 아무것도 잡지마세요 | K3: 수당률 | M3: =SUM(K5:K12) | N3: =SUM(L5:L12)
B4: NO. | C4: 날짜/예약시간 | E4: 성함 | F4: 연락처 | G4: 주소/주요사항 | H4: 에어컨종류/개수/일반&종합 | I4: 계약금 | J4: 잔금 | K4: 합계 | L4: 수당 | P4: 순이익 | Q4: =P10-R10
B5: 1 | K5: =(I5+J5)*10000 | L5: =K5*L3
B6: 2 | K6: =(I6+J6)*10000 | L6: =K6*L3
B7: 3 | K7: =(I7+J7)*10000 | L7: =K7*L3 | P7: 수입 | R7: 지출
B8: 4 | K8: =(I8+J8)*10000 | L8: =K8*L3 | P8: 계약 | Q8: 기타 | R8: 수당비 | S8: 광고비 | T8: 기타
B9: 5 | K9: =(I9+J9)*10000 | L9: =K9*L3 | P9: =SUM(M:M) | R9: =SUM(N:N)
B10: 6 | K10: =(I10+J10)*10000 | L10: =K10*L3 | P10: =SUM(P9:Q9) | R10: =SUM(R9:T9)
B11: 7 | K11: =(I11+J11)*10000 | L11: =K11*L3
B12: 8 | K12: =(I12+J12)*10000 | L12: =K12*L3
C13: [인천시] 김의덕 기사님 [일정 여유롭게 / 벽/원/포/스탠드 사무실위주/고층사다리] | K13: 수당률 | L13: 0.5 | M13: =SUM(K15:K22) | N13: =SUM(L15:L22)
B14: NO. | C14: 날짜/예약시간 | E14: 성함 | F14: 연락처 | G14: 주소/주요사항 | H14: 에어컨종류/개수/일반&종합 | I14: 계약금 | J14: 잔금 | K14: 합계 | L14: 수당 | M14: 고층사다리
B15: 1 | K15: =(I15+J15)*10000 | L15: =K15*L13
B16: 2 | K16: =(I16+J16)*10000 | L16: =K16*L13
B17: 3 | K17: =(I17+J17)*10000 | L17: =K17*L13
B18: 4 | K18: =(I18+J18)*10000 | L18: =K18*L13
B19: 5 | K19: =(I19+J19)*10000 | L19: =K19*L13
B20: 6 | K20: =(I20+J20)*10000 | L20: =K20*L13
B21: 7 | K21: =(I21+J21)*10000 | L21: =K21*L13
B22: 8 | K22: =(I22+J22)*10000 | L22: =K22*L13
C23: [인천 서구/격주토요휴무] 신국관 기사님 [벽/원/포] | K23: 수당률 | L23: 0.5 | M23: =SUM(K25:K32) | N23: =SUM(L25:L32)
B24: NO. | C24: 날짜/예약시간 | E24: 성함 | F24: 연락처 | G24: 주소/주요사항 | H24: 에어컨종류/개수/일반&종합 | I24: 계약금 | J24: 잔금 | K24: 합계 | L24: 수당
B25: 1 | G25: 10시부터 일정 잡아주세요 | K25: =(I25+J25)*10000 | L25: =K25*L23
B26: 2 | K26: =(I26+J26)*10000 | L26: =K26*L23
B27: 3 | K27: =(I27+J27)*10000 | L27: =K27*L23
B28: 4 | K28: =(I28+J28)*10000 | L28: =K28*L23
B29: 5 | K29: =(I29+J29)*10000 | L29: =K29*L23
B30: 6 | K30: =(I30+J30)*10000 | L30: =K30*L23
B31: 7 | K31: =(I31+J31)*10000 | L31: =K31*L23
B32: 8 | K32: =(I32+J32)*10000 | L32: =K32*L23
C33: [김포시] 전상현 기사님 [일정 여유롭게 / 벽/원/스탠드 사무실위주/통] | K33: 수당률 | L33: 0.5 | M33: =SUM(K35:K42) | N33: =SUM(L35:L42)
C34: 날짜/예약시간 | E34: 성함 | F34: 연락처 | G34: 주소/주요사항 | H34: 에어컨종류/개수/일반&종합 | I34: 계약금 | J34: 잔금 | K34: 합계 | L34: 수당 | M34: 포웨이 3시간
K35: =(I35+J35)*10000 | L35: =K35*L33
K36: =(I36+J36)*10000 | L36: =K36*L33
K37: =(I37+J37)*10000 | L37: =K37*L33
K38: =(I38+J38)*10000 | L38: =K38*L33
K39: =(I39+J39)*10000 | L39: =K39*L33
K40: =(I40+J40)*10000 | L40: =K40*L33
K41: =(I41+J41)*10000 | L41: =K41*L33
K42: =(I42+J42)*10000 | L42: =K42*L33
C43: 부천 중동 기사님 [일정 여유롭게 / 벽/원/스탠드 사무실위주] | K43: 수당률 | L43: 0.5 | M43: 0 | N43: 0
C44: 날짜/예약시간 | E44: 성함 | F44: 연락처 | G44: 주소/주요사항 | H44: 에어컨종류/개수/일반&종합 | I44: 계약금 | J44: 잔금 | K44: 합계 | L44: 수당
K45: =(I45+J45)*10000 | L45: =K45*L43
K46: =(I46+J46)*10000 | L46: =K46*L43
K47: =(I47+J47)*10000 | L47: =K47*L43
K48: =(I48+J48)*10000 | L48: =K48*L43
K49: =(I49+J49)*10000 | L49: =K49*L43
K50: =(I50+J50)*10000 | L50: =K50*L43
K51: =(I51+J51)*10000 | L51: =K51*L43
K52: =(I52+J52)*10000 | L52: =K52*L43
C53: [부천] 김민구 기사님 [ 벽 / 원 / 포 / 스탠드 사무실 위주 ] | K53: 수당률 | L53: 0.5 | M53: 0 | N53: 0
C54: 날짜/예약시간 | E54: 성함 | F54: 연락처 | G54: 주소/주요사항 | H54: 에어컨종류/개수/일반&종합 | I54: 계약금 | J54: 잔금 | K54: 합계 | L54: 수당
K55: =(I55+J55)*10000 | L55: =K55*L53
K56: =(I56+J56)*10000 | L56: =K56*L53
K57: =(I57+J57)*10000 | L57: =K57*L53
K58: =(I58+J58)*10000 | L58: =K58*L53
K59: =(I59+J59)*10000 | L59: =K59*L53
K60: =(I60+J60)*10000 | L60: =K60*L53
K61: =(I61+J61)*10000 | L61: =K61*L53
K62: =(I62+J62)*10000 | L62: =K62*L53
C63: [김포] 구형모 기사님 [ 벽 / 원 / 포 / 스탠드 사무실 위주 ] | K63: 수당률 | L63: 0.5 | M63: 0 | N63: 0
C64: 날짜/예약시간 | E64: 성함 | F64: 연락처 | G64: 주소/주요사항 | H64: 에어컨종류/개수/일반&종합 | I64: 계약금 | J64: 잔금 | K64: 0 | L64: 0
K65: =(I65+J65)*10000 | L65: =K65*L63
K66: =(I66+J66)*10000 | L66: =K66*L63
K67: =(I67+J67)*10000 | L67: =K67*L63
K68: =(I68+J68)*10000 | L68: =K68*L63
K69: =(I69+J69)*10000 | L69: =K69*L63
K70: =(I70+J70)*10000 | L70: =K70*L63
K71: =(I71+J71)*10000 | L71: =K71*L63
K72: =(I72+J72)*10000 | L72: =K72*L63
C73: [김포] 이재원 기사님 [ 벽 / 원 / 포 / 스탠드 사무실 위주 ] | K73: 수당률 | L73: 0.5 | M73: 0 | N73: 0
C74: 날짜/예약시간 | E74: 성함 | F74: 연락처 | G74: 주소/주요사항 | H74: 에어컨종류/개수/일반&종합 | I74: 계약금 | J74: 잔금 | K74: 합계 | L74: 수당
K75: =(I75+J75)*10000 | L75: =K75*L73
K76: =(I76+J76)*10000 | L76: =K76*L73
K77: =(I77+J77)*10000 | L77: =K77*L73
K78: =(I78+J78)*10000 | L78: =K78*L73
K79: =(I79+J79)*10000 | L79: =K79*L73
K80: =(I80+J80)*10000 | L80: =K80*L73
K81: =(I81+J81)*10000 | L81: =K81*L73
K82: =(I82+J82)*10000 | L82: =K82*L73
C83: [인천 계양/토 휴무/일 근무] 선근 기사님 [ 벽 / 원 / 포 ] | K83: 수당률 | L83: 0.5 | M83: 0 | N83: 0
C84: 날짜/예약시간 | E84: 성함 | F84: 연락처 | G84: 주소/주요사항 | H84: 에어컨종류/개수/일반&종합 | I84: 계약금 | J84: 잔금 | K84: 합계 | L84: 수당
K85: =(I85+J85)*10000 | L85: =K85*L83
K86: =(I86+J86)*10000 | L86: =K86*L83
K87: =(I87+J87)*10000 | L87: =K87*L83
K88: =(I88+J88)*10000 | L88: =K88*L83
K89: =(I89+J89)*10000 | L89: =K89*L83
K90: =(I90+J90)*10000 | L90: =K90*L83
K91: =(I91+J91)*10000 | L91: =K91*L83
K92: =(I92+J92)*10000 | L92: =K92*L83
C93: [마포구/화토일 휴무] 지니 기사님 [벽걸이만 하루 4개] | K93: 수당률 | L93: 0.5 | M93: 0 | N93: 0
C94: 날짜/예약시간 | E94: 성함 | F94: 연락처 | G94: 주소/주요사항 | H94: 에어컨종류/개수/일반&종합 | I94: 계약금 | J94: 잔금 | K94: 합계 | L94: 수당
K95: =(I95+J95)*10000 | L95: =K95*L90
K96: =(I96+J96)*10000 | L96: =K96*L90
K97: =(I97+J97)*10000 | L97: =K97*L90
K98: =(I98+J98)*10000 | L98: =K98*L90
G99: 벽걸이 대수가 4개여야 합니다 (3시 마지막) | K99: 0 | L99: 0
K100: 0 | L100: 0
K101: 0 | L101: 0
...

Sheet 20
C1: =DATE(년,월,_xlfn.SHEET()) -> 25569.375 | P1: 금일 매출
C3: 아무것도 잡지마세요 | K3: 수당률 | M3: =SUM(K5:K12) | N3: =SUM(L5:L12)
B4: NO. | C4: 날짜/예약시간 | E4: 성함 | F4: 연락처 | G4: 주소/주요사항 | H4: 에어컨종류/개수/일반&종합 | I4: 계약금 | J4: 잔금 | K4: 합계 | L4: 수당 | P4: 순이익 | Q4: =P10-R10
B5: 1 | K5: =(I5+J5)*10000 | L5: =K5*L3
B6: 2 | K6: =(I6+J6)*10000 | L6: =K6*L3
B7: 3 | K7: =(I7+J7)*10000 | L7: =K7*L3 | P7: 수입 | R7: 지출
B8: 4 | K8: =(I8+J8)*10000 | L8: =K8*L3 | P8: 계약 | Q8: 기타 | R8: 수당비 | S8: 광고비 | T8: 기타
B9: 5 | K9: =(I9+J9)*10000 | L9: =K9*L3 | P9: =SUM(M:M) | R9: =SUM(N:N)
B10: 6 | K10: =(I10+J10)*10000 | L10: =K10*L3 | P10: =SUM(P9:Q9) | R10: =SUM(R9:T9)
B11: 7 | K11: =(I11+J11)*10000 | L11: =K11*L3
B12: 8 | K12: =(I12+J12)*10000 | L12: =K12*L3
C13: [인천시] 김의덕 기사님 [일정 여유롭게 / 벽/원/포/스탠드 사무실위주/고층사다리] | K13: 수당률 | L13: 0.5 | M13: =SUM(K15:K22) | N13: =SUM(L15:L22) | P13: 금주 매출
B14: NO. | C14: 날짜/예약시간 | E14: 성함 | F14: 연락처 | G14: 주소/주요사항 | H14: 에어컨종류/개수/일반&종합 | I14: 계약금 | J14: 잔금 | K14: 합계 | L14: 수당 | M14: 고층사다리
B15: 1 | K15: =(I15+J15)*10000 | L15: =K15*L13 | P15: 순이익 | Q15: =P21-R21
B16: 2 | K16: =(I16+J16)*10000 | L16: =K16*L13
B17: 3 | K17: =(I17+J17)*10000 | L17: =K17*L13
B18: 4 | K18: =(I18+J18)*10000 | L18: =K18*L13 | P18: 수입 | R18: 지출
B19: 5 | K19: =(I19+J19)*10000 | L19: =K19*L13 | P19: 계약 | Q19: 기타 | R19: 수당비 | S19: 광고비 | T19: 기타
B20: 6 | K20: =(I20+J20)*10000 | L20: =K20*L13 | P20: =SUM(P9,'8'!P9,'7'!P9,'6'!P9,'5'!P9,'4'!P9,'3'!P9) | Q20: =SUM(Q9,'8'!Q9,'7'!Q9,'6'!Q9,'5'!Q9,'4'!Q9,'3'!Q9) | R20: =SUM(R9,'8'!R9,'7'!R9,'6'!R9,'5'!R9,'4'!R9,'3'!R9) | S20: =SUM(S9,'8'!S9,'7'!S9,'6'!S9,'5'!S9,'4'!S9,'3'!S9) | T20: =SUM(T9,'8'!T9,'7'!T9,'6'!T9,'5'!T9,'4'!T9,'3'!T9)
B21: 7 | K21: =(I21+J21)*10000 | L21: =K21*L13 | P21: =SUM(P20:Q20) | R21: =SUM(R20:T20)
B22: 8 | K22: =(I22+J22)*10000 | L22: =K22*L13
C23: [인천 서구/격주토요휴무] 신국관 기사님 [벽/원/포] | K23: 수당률 | L23: 0.5 | M23: =SUM(K25:K32) | N23: =SUM(L25:L32)
B24: NO. | C24: 날짜/예약시간 | E24: 성함 | F24: 연락처 | G24: 주소/주요사항 | H24: 에어컨종류/개수/일반&종합 | I24: 계약금 | J24: 잔금 | K24: 합계 | L24: 수당
B25: 1 | G25: 10시부터 일정 잡아주세요 | K25: =(I25+J25)*10000 | L25: =K25*L23
B26: 2 | K26: =(I26+J26)*10000 | L26: =K26*L23
B27: 3 | K27: =(I27+J27)*10000 | L27: =K27*L23
B28: 4 | K28: =(I28+J28)*10000 | L28: =K28*L23
B29: 5 | K29: =(I29+J29)*10000 | L29: =K29*L23
B30: 6 | K30: =(I30+J30)*10000 | L30: =K30*L23
B31: 7 | K31: =(I31+J31)*10000 | L31: =K31*L23
B32: 8 | K32: =(I32+J32)*10000 | L32: =K32*L23
C33: [김포시] 전상현 기사님 [일정 여유롭게 / 벽/원/스탠드 사무실위주/통] | K33: 수당률 | L33: 0.5 | M33: =SUM(K35:K42) | N33: =SUM(L35:L42)
C34: 날짜/예약시간 | E34: 성함 | F34: 연락처 | G34: 주소/주요사항 | H34: 에어컨종류/개수/일반&종합 | I34: 계약금 | J34: 잔금 | K34: 합계 | L34: 수당 | M34: 포웨이 3시간
K35: =(I35+J35)*10000 | L35: =K35*L33
K36: =(I36+J36)*10000 | L36: =K36*L33
K37: =(I37+J37)*10000 | L37: =K37*L33
K38: =(I38+J38)*10000 | L38: =K38*L33
K39: =(I39+J39)*10000 | L39: =K39*L33
K40: =(I40+J40)*10000 | L40: =K40*L33
K41: =(I41+J41)*10000 | L41: =K41*L33
K42: =(I42+J42)*10000 | L42: =K42*L33
C43: 부천 중동 기사님 [일정 여유롭게 / 벽/원/스탠드 사무실위주] | K43: 수당률 | L43: 0.5 | M43: 0 | N43: 0
C44: 날짜/예약시간 | E44: 성함 | F44: 연락처 | G44: 주소/주요사항 | H44: 에어컨종류/개수/일반&종합 | I44: 계약금 | J44: 잔금 | K44: 합계 | L44: 수당
K45: =(I45+J45)*10000 | L45: =K45*L43
K46: =(I46+J46)*10000 | L46: =K46*L43
K47: =(I47+J47)*10000 | L47: =K47*L43
K48: =(I48+J48)*10000 | L48: =K48*L43
K49: =(I49+J49)*10000 | L49: =K49*L43
K50: =(I50+J50)*10000 | L50: =K50*L43
K51: =(I51+J51)*10000 | L51: =K51*L43
K52: =(I52+J52)*10000 | L52: =K52*L43
C53: [부천] 김민구 기사님 [ 벽 / 원 / 포 / 스탠드 사무실 위주 ] | K53: 수당률 | L53: 0.5 | M53: 0 | N53: 0
C54: 날짜/예약시간 | E54: 성함 | F54: 연락처 | G54: 주소/주요사항 | H54: 에어컨종류/개수/일반&종합 | I54: 계약금 | J54: 잔금 | K54: 합계 | L54: 수당
K55: =(I55+J55)*10000 | L55: =K55*L53
K56: =(I56+J56)*10000 | L56: =K56*L53
K57: =(I57+J57)*10000 | L57: =K57*L53
K58: =(I58+J58)*10000 | L58: =K58*L53
K59: =(I59+J59)*10000 | L59: =K59*L53
K60: =(I60+J60)*10000 | L60: =K60*L53
K61: =(I61+J61)*10000 | L61: =K61*L53
K62: =(I62+J62)*10000 | L62: =K62*L53
C63: [김포] 구형모 기사님 [ 벽 / 원 / 포 / 스탠드 사무실 위주 ] | K63: 수당률 | L63: 0.5 | M63: 0 | N63: 0
C64: 날짜/예약시간 | E64: 성함 | F64: 연락처 | G64: 주소/주요사항 | H64: 에어컨종류/개수/일반&종합 | I64: 계약금 | J64: 잔금 | K64: 0 | L64: 0
K65: =(I65+J65)*10000 | L65: =K65*L63
K66: =(I66+J66)*10000 | L66: =K66*L63
K67: =(I67+J67)*10000 | L67: =K67*L63
K68: =(I68+J68)*10000 | L68: =K68*L63
K69: =(I69+J69)*10000 | L69: =K69*L63
K70: =(I70+J70)*10000 | L70: =K70*L63
K71: =(I71+J71)*10000 | L71: =K71*L63
K72: =(I72+J72)*10000 | L72: =K72*L63
C73: [김포] 이재원 기사님 [ 벽 / 원 / 포 / 스탠드 사무실 위주 ] | K73: 수당률 | L73: 0.5 | M73: 0 | N73: 0
C74: 날짜/예약시간 | E74: 성함 | F74: 연락처 | G74: 주소/주요사항 | H74: 에어컨종류/개수/일반&종합 | I74: 계약금 | J74: 잔금 | K74: 합계 | L74: 수당
K75: =(I75+J75)*10000 | L75: =K75*L73
K76: =(I76+J76)*10000 | L76: =K76*L73
K77: =(I77+J77)*10000 | L77: =K77*L73
K78: =(I78+J78)*10000 | L78: =K78*L73
K79: =(I79+J79)*10000 | L79: =K79*L73
K80: =(I80+J80)*10000 | L80: =K80*L73
K81: =(I81+J81)*10000 | L81: =K81*L73
K82: =(I82+J82)*10000 | L82: =K82*L73
C83: [인천 계양/토 휴무/일 근무] 선근 기사님 [ 벽 / 원 / 포 ] | K83: 수당률 | L83: 0.5 | M83: 0 | N83: 0
C84: 날짜/예약시간 | E84: 성함 | F84: 연락처 | G84: 주소/주요사항 | H84: 에어컨종류/개수/일반&종합 | I84: 계약금 | J84: 잔금 | K84: 합계 | L84: 수당
K85: =(I85+J85)*10000 | L85: =K85*L83
K86: =(I86+J86)*10000 | L86: =K86*L83
K87: =(I87+J87)*10000 | L87: =K87*L83
K88: =(I88+J88)*10000 | L88: =K88*L83
K89: =(I89+J89)*10000 | L89: =K89*L83
K90: =(I90+J90)*10000 | L90: =K90*L83
K91: =(I91+J91)*10000 | L91: =K91*L83
K92: =(I92+J92)*10000 | L92: =K92*L83
C93: [마포구/화토일 휴무] 지니 기사님 [벽걸이만 하루 4개] | K93: 수당률 | L93: 0.5 | M93: 0 | N93: 0
C94: 날짜/예약시간 | E94: 성함 | F94: 연락처 | G94: 주소/주요사항 | H94: 에어컨종류/개수/일반&종합 | I94: 계약금 | J94: 잔금 | K94: 합계 | L94: 수당
K95: =(I95+J95)*10000 | L95: =K95*L90
K96: =(I96+J96)*10000 | L96: =K96*L90
K97: =(I97+J97)*10000 | L97: =K97*L90
K98: =(I98+J98)*10000 | L98: =K98*L90
G99: 벽걸이 대수가 4개여야 합니다 (3시 마지막) | K99: 0 | L99: 0
K100: 0 | L100: 0
K101: 0 | L101: 0
...

Sheet 21
C1: =DATE(년,월,_xlfn.SHEET()) -> 25569.375 | P1: 금일 매출
C3: 아무것도 잡지마세요 | K3: 수당률 | M3: =SUM(K5:K12) | N3: =SUM(L5:L12)
B4: NO. | C4: 날짜/예약시간 | E4: 성함 | F4: 연락처 | G4: 주소/주요사항 | H4: 에어컨종류/개수/일반&종합 | I4: 계약금 | J4: 잔금 | K4: 합계 | L4: 수당 | P4: 순이익 | Q4: =P10-R10
B5: 1 | K5: =(I5+J5)*10000 | L5: =K5*L3
B6: 2 | K6: =(I6+J6)*10000 | L6: =K6*L3
B7: 3 | K7: =(I7+J7)*10000 | L7: =K7*L3 | P7: 수입 | R7: 지출
B8: 4 | K8: =(I8+J8)*10000 | L8: =K8*L3 | P8: 계약 | Q8: 기타 | R8: 수당비 | S8: 광고비 | T8: 기타
B9: 5 | K9: =(I9+J9)*10000 | L9: =K9*L3 | P9: =SUM(M:M) | R9: =SUM(N:N)
B10: 6 | K10: =(I10+J10)*10000 | L10: =K10*L3 | P10: =SUM(P9:Q9) | R10: =SUM(R9:T9)
B11: 7 | K11: =(I11+J11)*10000 | L11: =K11*L3
B12: 8 | K12: =(I12+J12)*10000 | L12: =K12*L3
C13: [인천시] 김의덕 기사님 [일정 여유롭게 / 벽/원/포/스탠드 사무실위주/고층사다리] | K13: 수당률 | L13: 0.5 | M13: =SUM(K15:K22) | N13: =SUM(L15:L22)
B14: NO. | C14: 날짜/예약시간 | E14: 성함 | F14: 연락처 | G14: 주소/주요사항 | H14: 에어컨종류/개수/일반&종합 | I14: 계약금 | J14: 잔금 | K14: 합계 | L14: 수당 | M14: 고층사다리
B15: 1 | K15: =(I15+J15)*10000 | L15: =K15*L13
B16: 2 | K16: =(I16+J16)*10000 | L16: =K16*L13
B17: 3 | K17: =(I17+J17)*10000 | L17: =K17*L13
B18: 4 | K18: =(I18+J18)*10000 | L18: =K18*L13
B19: 5 | K19: =(I19+J19)*10000 | L19: =K19*L13
B20: 6 | K20: =(I20+J20)*10000 | L20: =K20*L13
B21: 7 | K21: =(I21+J21)*10000 | L21: =K21*L13
B22: 8 | K22: =(I22+J22)*10000 | L22: =K22*L13
C23: [인천 서구/격주토요휴무] 신국관 기사님 [벽/원/포] | K23: 수당률 | L23: 0.5 | M23: =SUM(K25:K32) | N23: =SUM(L25:L32)
B24: NO. | C24: 날짜/예약시간 | E24: 성함 | F24: 연락처 | G24: 주소/주요사항 | H24: 에어컨종류/개수/일반&종합 | I24: 계약금 | J24: 잔금 | K24: 합계 | L24: 수당
B25: 1 | G25: 10시부터 일정 잡아주세요 | K25: =(I25+J25)*10000 | L25: =K25*L23
B26: 2 | K26: =(I26+J26)*10000 | L26: =K26*L23
B27: 3 | K27: =(I27+J27)*10000 | L27: =K27*L23
B28: 4 | K28: =(I28+J28)*10000 | L28: =K28*L23
B29: 5 | K29: =(I29+J29)*10000 | L29: =K29*L23
B30: 6 | K30: =(I30+J30)*10000 | L30: =K30*L23
B31: 7 | K31: =(I31+J31)*10000 | L31: =K31*L23
B32: 8 | K32: =(I32+J32)*10000 | L32: =K32*L23
C33: [김포시] 전상현 기사님 [일정 여유롭게 / 벽/원/스탠드 사무실위주/통] | K33: 수당률 | L33: 0.5 | M33: =SUM(K35:K42) | N33: =SUM(L35:L42)
C34: 날짜/예약시간 | E34: 성함 | F34: 연락처 | G34: 주소/주요사항 | H34: 에어컨종류/개수/일반&종합 | I34: 계약금 | J34: 잔금 | K34: 합계 | L34: 수당 | M34: 포웨이 3시간
K35: =(I35+J35)*10000 | L35: =K35*L33
K36: =(I36+J36)*10000 | L36: =K36*L33
K37: =(I37+J37)*10000 | L37: =K37*L33
K38: =(I38+J38)*10000 | L38: =K38*L33
K39: =(I39+J39)*10000 | L39: =K39*L33
K40: =(I40+J40)*10000 | L40: =K40*L33
K41: =(I41+J41)*10000 | L41: =K41*L33
K42: =(I42+J42)*10000 | L42: =K42*L33
C43: 부천 중동 기사님 [일정 여유롭게 / 벽/원/스탠드 사무실위주] | K43: 수당률 | L43: 0.5 | M43: 0 | N43: 0
C44: 날짜/예약시간 | E44: 성함 | F44: 연락처 | G44: 주소/주요사항 | H44: 에어컨종류/개수/일반&종합 | I44: 계약금 | J44: 잔금 | K44: 합계 | L44: 수당
K45: =(I45+J45)*10000 | L45: =K45*L43
K46: =(I46+J46)*10000 | L46: =K46*L43
K47: =(I47+J47)*10000 | L47: =K47*L43
K48: =(I48+J48)*10000 | L48: =K48*L43
K49: =(I49+J49)*10000 | L49: =K49*L43
K50: =(I50+J50)*10000 | L50: =K50*L43
K51: =(I51+J51)*10000 | L51: =K51*L43
K52: =(I52+J52)*10000 | L52: =K52*L43
C53: [부천] 김민구 기사님 [ 벽 / 원 / 포 / 스탠드 사무실 위주 ] | K53: 수당률 | L53: 0.5 | M53: 0 | N53: 0
C54: 날짜/예약시간 | E54: 성함 | F54: 연락처 | G54: 주소/주요사항 | H54: 에어컨종류/개수/일반&종합 | I54: 계약금 | J54: 잔금 | K54: 합계 | L54: 수당
K55: =(I55+J55)*10000 | L55: =K55*L53
K56: =(I56+J56)*10000 | L56: =K56*L53
K57: =(I57+J57)*10000 | L57: =K57*L53
K58: =(I58+J58)*10000 | L58: =K58*L53
K59: =(I59+J59)*10000 | L59: =K59*L53
K60: =(I60+J60)*10000 | L60: =K60*L53
K61: =(I61+J61)*10000 | L61: =K61*L53
K62: =(I62+J62)*10000 | L62: =K62*L53
C63: [김포] 구형모 기사님 [ 벽 / 원 / 포 / 스탠드 사무실 위주 ] | K63: 수당률 | L63: 0.5 | M63: 0 | N63: 0
C64: 날짜/예약시간 | E64: 성함 | F64: 연락처 | G64: 주소/주요사항 | H64: 에어컨종류/개수/일반&종합 | I64: 계약금 | J64: 잔금 | K64: 0 | L64: 0
K65: =(I65+J65)*10000 | L65: =K65*L63
K66: =(I66+J66)*10000 | L66: =K66*L63
K67: =(I67+J67)*10000 | L67: =K67*L63
K68: =(I68+J68)*10000 | L68: =K68*L63
K69: =(I69+J69)*10000 | L69: =K69*L63
K70: =(I70+J70)*10000 | L70: =K70*L63
K71: =(I71+J71)*10000 | L71: =K71*L63
K72: =(I72+J72)*10000 | L72: =K72*L63
C73: [김포] 이재원 기사님 [ 벽 / 원 / 포 / 스탠드 사무실 위주 ] | K73: 수당률 | L73: 0.5 | M73: 0 | N73: 0
C74: 날짜/예약시간 | E74: 성함 | F74: 연락처 | G74: 주소/주요사항 | H74: 에어컨종류/개수/일반&종합 | I74: 계약금 | J74: 잔금 | K74: 합계 | L74: 수당
K75: =(I75+J75)*10000 | L75: =K75*L73
K76: =(I76+J76)*10000 | L76: =K76*L73
K77: =(I77+J77)*10000 | L77: =K77*L73
K78: =(I78+J78)*10000 | L78: =K78*L73
K79: =(I79+J79)*10000 | L79: =K79*L73
K80: =(I80+J80)*10000 | L80: =K80*L73
K81: =(I81+J81)*10000 | L81: =K81*L73
K82: =(I82+J82)*10000 | L82: =K82*L73
C83: [인천 계양/토 휴무/일 근무] 선근 기사님 [ 벽 / 원 / 포 ] | K83: 수당률 | L83: 0.5 | M83: 0 | N83: 0
C84: 날짜/예약시간 | E84: 성함 | F84: 연락처 | G84: 주소/주요사항 | H84: 에어컨종류/개수/일반&종합 | I84: 계약금 | J84: 잔금 | K84: 합계 | L84: 수당
K85: =(I85+J85)*10000 | L85: =K85*L83
K86: =(I86+J86)*10000 | L86: =K86*L83
K87: =(I87+J87)*10000 | L87: =K87*L83
K88: =(I88+J88)*10000 | L88: =K88*L83
K89: =(I89+J89)*10000 | L89: =K89*L83
K90: =(I90+J90)*10000 | L90: =K90*L83
K91: =(I91+J91)*10000 | L91: =K91*L83
K92: =(I92+J92)*10000 | L92: =K92*L83
C93: [마포구/화토일 휴무] 지니 기사님 [벽걸이만 하루 4개] | K93: 수당률 | L93: 0.5 | M93: 0 | N93: 0
C94: 날짜/예약시간 | E94: 성함 | F94: 연락처 | G94: 주소/주요사항 | H94: 에어컨종류/개수/일반&종합 | I94: 계약금 | J94: 잔금 | K94: 합계 | L94: 수당
K95: =(I95+J95)*10000 | L95: =K95*L90
K96: =(I96+J96)*10000 | L96: =K96*L90
K97: =(I97+J97)*10000 | L97: =K97*L90
K98: =(I98+J98)*10000 | L98: =K98*L90
G99: 벽걸이 대수가 4개여야 합니다 (3시 마지막) | K99: 0 | L99: 0
K100: 0 | L100: 0
K101: 0 | L101: 0
...

Sheet 22
C1: =DATE(년,월,_xlfn.SHEET()) -> 25569.375 | P1: 금일 매출
C3: 아무것도 잡지마세요 | K3: 수당률 | M3: =SUM(K5:K12) | N3: =SUM(L5:L12)
B4: NO. | C4: 날짜/예약시간 | E4: 성함 | F4: 연락처 | G4: 주소/주요사항 | H4: 에어컨종류/개수/일반&종합 | I4: 계약금 | J4: 잔금 | K4: 합계 | L4: 수당 | P4: 순이익 | Q4: =P10-R10
B5: 1 | K5: =(I5+J5)*10000 | L5: =K5*L3
B6: 2 | K6: =(I6+J6)*10000 | L6: =K6*L3
B7: 3 | K7: =(I7+J7)*10000 | L7: =K7*L3 | P7: 수입 | R7: 지출
B8: 4 | K8: =(I8+J8)*10000 | L8: =K8*L3 | P8: 계약 | Q8: 기타 | R8: 수당비 | S8: 광고비 | T8: 기타
B9: 5 | K9: =(I9+J9)*10000 | L9: =K9*L3 | P9: =SUM(M:M) | R9: =SUM(N:N)
B10: 6 | K10: =(I10+J10)*10000 | L10: =K10*L3 | P10: =SUM(P9:Q9) | R10: =SUM(R9:T9)
B11: 7 | K11: =(I11+J11)*10000 | L11: =K11*L3
B12: 8 | K12: =(I12+J12)*10000 | L12: =K12*L3
C13: [인천시] 김의덕 기사님 [일정 여유롭게 / 벽/원/포/스탠드 사무실위주/고층사다리] | K13: 수당률 | L13: 0.5 | M13: =SUM(K15:K22) | N13: =SUM(L15:L22)
B14: NO. | C14: 날짜/예약시간 | E14: 성함 | F14: 연락처 | G14: 주소/주요사항 | H14: 에어컨종류/개수/일반&종합 | I14: 계약금 | J14: 잔금 | K14: 합계 | L14: 수당 | M14: 고층사다리
B15: 1 | K15: =(I15+J15)*10000 | L15: =K15*L13
B16: 2 | K16: =(I16+J16)*10000 | L16: =K16*L13
B17: 3 | K17: =(I17+J17)*10000 | L17: =K17*L13
B18: 4 | K18: =(I18+J18)*10000 | L18: =K18*L13
B19: 5 | K19: =(I19+J19)*10000 | L19: =K19*L13
B20: 6 | K20: =(I20+J20)*10000 | L20: =K20*L13
B21: 7 | K21: =(I21+J21)*10000 | L21: =K21*L13
B22: 8 | K22: =(I22+J22)*10000 | L22: =K22*L13
C23: [인천 서구/격주토요휴무] 신국관 기사님 [벽/원/포] | K23: 수당률 | L23: 0.5 | M23: =SUM(K25:K32) | N23: =SUM(L25:L32)
B24: NO. | C24: 날짜/예약시간 | E24: 성함 | F24: 연락처 | G24: 주소/주요사항 | H24: 에어컨종류/개수/일반&종합 | I24: 계약금 | J24: 잔금 | K24: 합계 | L24: 수당
B25: 1 | G25: 10시부터 일정 잡아주세요 | K25: =(I25+J25)*10000 | L25: =K25*L23
B26: 2 | K26: =(I26+J26)*10000 | L26: =K26*L23
B27: 3 | K27: =(I27+J27)*10000 | L27: =K27*L23
B28: 4 | K28: =(I28+J28)*10000 | L28: =K28*L23
B29: 5 | K29: =(I29+J29)*10000 | L29: =K29*L23
B30: 6 | K30: =(I30+J30)*10000 | L30: =K30*L23
B31: 7 | K31: =(I31+J31)*10000 | L31: =K31*L23
B32: 8 | K32: =(I32+J32)*10000 | L32: =K32*L23
C33: [김포시] 전상현 기사님 [일정 여유롭게 / 벽/원/스탠드 사무실위주/통] | K33: 수당률 | L33: 0.5 | M33: =SUM(K35:K42) | N33: =SUM(L35:L42)
C34: 날짜/예약시간 | E34: 성함 | F34: 연락처 | G34: 주소/주요사항 | H34: 에어컨종류/개수/일반&종합 | I34: 계약금 | J34: 잔금 | K34: 합계 | L34: 수당 | M34: 포웨이 3시간
K35: =(I35+J35)*10000 | L35: =K35*L33
K36: =(I36+J36)*10000 | L36: =K36*L33
K37: =(I37+J37)*10000 | L37: =K37*L33
K38: =(I38+J38)*10000 | L38: =K38*L33
K39: =(I39+J39)*10000 | L39: =K39*L33
K40: =(I40+J40)*10000 | L40: =K40*L33
K41: =(I41+J41)*10000 | L41: =K41*L33
K42: =(I42+J42)*10000 | L42: =K42*L33
C43: 부천 중동 기사님 [일정 여유롭게 / 벽/원/스탠드 사무실위주] | K43: 수당률 | L43: 0.5 | M43: 0 | N43: 0
C44: 날짜/예약시간 | E44: 성함 | F44: 연락처 | G44: 주소/주요사항 | H44: 에어컨종류/개수/일반&종합 | I44: 계약금 | J44: 잔금 | K44: 합계 | L44: 수당
K45: =(I45+J45)*10000 | L45: =K45*L43
K46: =(I46+J46)*10000 | L46: =K46*L43
K47: =(I47+J47)*10000 | L47: =K47*L43
K48: =(I48+J48)*10000 | L48: =K48*L43
K49: =(I49+J49)*10000 | L49: =K49*L43
K50: =(I50+J50)*10000 | L50: =K50*L43
K51: =(I51+J51)*10000 | L51: =K51*L43
K52: =(I52+J52)*10000 | L52: =K52*L43
C53: [부천] 김민구 기사님 [ 벽 / 원 / 포 / 스탠드 사무실 위주 ] | K53: 수당률 | L53: 0.5 | M53: 0 | N53: 0
C54: 날짜/예약시간 | E54: 성함 | F54: 연락처 | G54: 주소/주요사항 | H54: 에어컨종류/개수/일반&종합 | I54: 계약금 | J54: 잔금 | K54: 합계 | L54: 수당
K55: =(I55+J55)*10000 | L55: =K55*L53
K56: =(I56+J56)*10000 | L56: =K56*L53
K57: =(I57+J57)*10000 | L57: =K57*L53
K58: =(I58+J58)*10000 | L58: =K58*L53
K59: =(I59+J59)*10000 | L59: =K59*L53
K60: =(I60+J60)*10000 | L60: =K60*L53
K61: =(I61+J61)*10000 | L61: =K61*L53
K62: =(I62+J62)*10000 | L62: =K62*L53
C63: [김포] 구형모 기사님 [ 벽 / 원 / 포 / 스탠드 사무실 위주 ] | K63: 수당률 | L63: 0.5 | M63: 0 | N63: 0
C64: 날짜/예약시간 | E64: 성함 | F64: 연락처 | G64: 주소/주요사항 | H64: 에어컨종류/개수/일반&종합 | I64: 계약금 | J64: 잔금 | K64: 0 | L64: 0
K65: =(I65+J65)*10000 | L65: =K65*L63
K66: =(I66+J66)*10000 | L66: =K66*L63
K67: =(I67+J67)*10000 | L67: =K67*L63
K68: =(I68+J68)*10000 | L68: =K68*L63
K69: =(I69+J69)*10000 | L69: =K69*L63
K70: =(I70+J70)*10000 | L70: =K70*L63
K71: =(I71+J71)*10000 | L71: =K71*L63
K72: =(I72+J72)*10000 | L72: =K72*L63
C73: [김포] 이재원 기사님 [ 벽 / 원 / 포 / 스탠드 사무실 위주 ] | K73: 수당률 | L73: 0.5 | M73: 0 | N73: 0
C74: 날짜/예약시간 | E74: 성함 | F74: 연락처 | G74: 주소/주요사항 | H74: 에어컨종류/개수/일반&종합 | I74: 계약금 | J74: 잔금 | K74: 합계 | L74: 수당
K75: =(I75+J75)*10000 | L75: =K75*L73
K76: =(I76+J76)*10000 | L76: =K76*L73
K77: =(I77+J77)*10000 | L77: =K77*L73
K78: =(I78+J78)*10000 | L78: =K78*L73
K79: =(I79+J79)*10000 | L79: =K79*L73
K80: =(I80+J80)*10000 | L80: =K80*L73
K81: =(I81+J81)*10000 | L81: =K81*L73
K82: =(I82+J82)*10000 | L82: =K82*L73
C83: [인천 계양/토 휴무/일 근무] 선근 기사님 [ 벽 / 원 / 포 ] | K83: 수당률 | L83: 0.5 | M83: 0 | N83: 0
C84: 날짜/예약시간 | E84: 성함 | F84: 연락처 | G84: 주소/주요사항 | H84: 에어컨종류/개수/일반&종합 | I84: 계약금 | J84: 잔금 | K84: 합계 | L84: 수당
K85: =(I85+J85)*10000 | L85: =K85*L83
K86: =(I86+J86)*10000 | L86: =K86*L83
K87: =(I87+J87)*10000 | L87: =K87*L83
K88: =(I88+J88)*10000 | L88: =K88*L83
K89: =(I89+J89)*10000 | L89: =K89*L83
K90: =(I90+J90)*10000 | L90: =K90*L83
K91: =(I91+J91)*10000 | L91: =K91*L83
K92: =(I92+J92)*10000 | L92: =K92*L83
C93: [마포구/화토일 휴무] 지니 기사님 [벽걸이만 하루 4개] | K93: 수당률 | L93: 0.5 | M93: 0 | N93: 0
C94: 날짜/예약시간 | E94: 성함 | F94: 연락처 | G94: 주소/주요사항 | H94: 에어컨종류/개수/일반&종합 | I94: 계약금 | J94: 잔금 | K94: 합계 | L94: 수당
K95: =(I95+J95)*10000 | L95: =K95*L90
K96: =(I96+J96)*10000 | L96: =K96*L90
K97: =(I97+J97)*10000 | L97: =K97*L90
K98: =(I98+J98)*10000 | L98: =K98*L90
G99: 벽걸이 대수가 4개여야 합니다 (3시 마지막) | K99: 0 | L99: 0
K100: 0 | L100: 0
K101: 0 | L101: 0
...

Sheet 23
C1: =DATE(년,월,_xlfn.SHEET()) -> 25569.375 | P1: 금일 매출
C3: 아무것도 잡지마세요 | K3: 수당률 | M3: =SUM(K5:K12) | N3: =SUM(L5:L12)
B4: NO. | C4: 날짜/예약시간 | E4: 성함 | F4: 연락처 | G4: 주소/주요사항 | H4: 에어컨종류/개수/일반&종합 | I4: 계약금 | J4: 잔금 | K4: 합계 | L4: 수당 | P4: 순이익 | Q4: =P10-R10
B5: 1 | K5: =(I5+J5)*10000 | L5: =K5*L3
B6: 2 | K6: =(I6+J6)*10000 | L6: =K6*L3
B7: 3 | K7: =(I7+J7)*10000 | L7: =K7*L3 | P7: 수입 | R7: 지출
B8: 4 | K8: =(I8+J8)*10000 | L8: =K8*L3 | P8: 계약 | Q8: 기타 | R8: 수당비 | S8: 광고비 | T8: 기타
B9: 5 | K9: =(I9+J9)*10000 | L9: =K9*L3 | P9: =SUM(M:M) | R9: =SUM(N:N)
B10: 6 | K10: =(I10+J10)*10000 | L10: =K10*L3 | P10: =SUM(P9:Q9) | R10: =SUM(R9:T9)
B11: 7 | K11: =(I11+J11)*10000 | L11: =K11*L3
B12: 8 | K12: =(I12+J12)*10000 | L12: =K12*L3
C13: [인천시] 김의덕 기사님 [일정 여유롭게 / 벽/원/포/스탠드 사무실위주/고층사다리] | K13: 수당률 | L13: 0.5 | M13: =SUM(K15:K22) | N13: =SUM(L15:L22)
B14: NO. | C14: 날짜/예약시간 | E14: 성함 | F14: 연락처 | G14: 주소/주요사항 | H14: 에어컨종류/개수/일반&종합 | I14: 계약금 | J14: 잔금 | K14: 합계 | L14: 수당 | M14: 고층사다리
B15: 1 | K15: =(I15+J15)*10000 | L15: =K15*L13
B16: 2 | K16: =(I16+J16)*10000 | L16: =K16*L13
B17: 3 | K17: =(I17+J17)*10000 | L17: =K17*L13
B18: 4 | K18: =(I18+J18)*10000 | L18: =K18*L13
B19: 5 | K19: =(I19+J19)*10000 | L19: =K19*L13
B20: 6 | K20: =(I20+J20)*10000 | L20: =K20*L13
B21: 7 | K21: =(I21+J21)*10000 | L21: =K21*L13
B22: 8 | K22: =(I22+J22)*10000 | L22: =K22*L13
C23: [인천 서구/격주토요휴무] 신국관 기사님 [벽/원/포] | K23: 수당률 | L23: 0.5 | M23: =SUM(K25:K32) | N23: =SUM(L25:L32)
B24: NO. | C24: 날짜/예약시간 | E24: 성함 | F24: 연락처 | G24: 주소/주요사항 | H24: 에어컨종류/개수/일반&종합 | I24: 계약금 | J24: 잔금 | K24: 합계 | L24: 수당
B25: 1 | G25: 10시부터 일정 잡아주세요 | K25: =(I25+J25)*10000 | L25: =K25*L23
B26: 2 | K26: =(I26+J26)*10000 | L26: =K26*L23
B27: 3 | K27: =(I27+J27)*10000 | L27: =K27*L23
B28: 4 | K28: =(I28+J28)*10000 | L28: =K28*L23
B29: 5 | K29: =(I29+J29)*10000 | L29: =K29*L23
B30: 6 | K30: =(I30+J30)*10000 | L30: =K30*L23
B31: 7 | K31: =(I31+J31)*10000 | L31: =K31*L23
B32: 8 | K32: =(I32+J32)*10000 | L32: =K32*L23
C33: [김포시] 전상현 기사님 [일정 여유롭게 / 벽/원/스탠드 사무실위주/통] | K33: 수당률 | L33: 0.5 | M33: =SUM(K35:K42) | N33: =SUM(L35:L42)
C34: 날짜/예약시간 | E34: 성함 | F34: 연락처 | G34: 주소/주요사항 | H34: 에어컨종류/개수/일반&종합 | I34: 계약금 | J34: 잔금 | K34: 합계 | L34: 수당 | M34: 포웨이 3시간
K35: =(I35+J35)*10000 | L35: =K35*L33
K36: =(I36+J36)*10000 | L36: =K36*L33
K37: =(I37+J37)*10000 | L37: =K37*L33
K38: =(I38+J38)*10000 | L38: =K38*L33
K39: =(I39+J39)*10000 | L39: =K39*L33
K40: =(I40+J40)*10000 | L40: =K40*L33
K41: =(I41+J41)*10000 | L41: =K41*L33
K42: =(I42+J42)*10000 | L42: =K42*L33
C43: 부천 중동 기사님 [일정 여유롭게 / 벽/원/스탠드 사무실위주] | K43: 수당률 | L43: 0.5 | M43: 0 | N43: 0
C44: 날짜/예약시간 | E44: 성함 | F44: 연락처 | G44: 주소/주요사항 | H44: 에어컨종류/개수/일반&종합 | I44: 계약금 | J44: 잔금 | K44: 합계 | L44: 수당
K45: =(I45+J45)*10000 | L45: =K45*L43
K46: =(I46+J46)*10000 | L46: =K46*L43
K47: =(I47+J47)*10000 | L47: =K47*L43
K48: =(I48+J48)*10000 | L48: =K48*L43
K49: =(I49+J49)*10000 | L49: =K49*L43
K50: =(I50+J50)*10000 | L50: =K50*L43
K51: =(I51+J51)*10000 | L51: =K51*L43
K52: =(I52+J52)*10000 | L52: =K52*L43
C53: [부천] 김민구 기사님 [ 벽 / 원 / 포 / 스탠드 사무실 위주 ] | K53: 수당률 | L53: 0.5 | M53: 0 | N53: 0
C54: 날짜/예약시간 | E54: 성함 | F54: 연락처 | G54: 주소/주요사항 | H54: 에어컨종류/개수/일반&종합 | I54: 계약금 | J54: 잔금 | K54: 합계 | L54: 수당
K55: =(I55+J55)*10000 | L55: =K55*L53
K56: =(I56+J56)*10000 | L56: =K56*L53
K57: =(I57+J57)*10000 | L57: =K57*L53
K58: =(I58+J58)*10000 | L58: =K58*L53
K59: =(I59+J59)*10000 | L59: =K59*L53
K60: =(I60+J60)*10000 | L60: =K60*L53
K61: =(I61+J61)*10000 | L61: =K61*L53
K62: =(I62+J62)*10000 | L62: =K62*L53
C63: [김포] 구형모 기사님 [ 벽 / 원 / 포 / 스탠드 사무실 위주 ] | K63: 수당률 | L63: 0.5 | M63: 0 | N63: 0
C64: 날짜/예약시간 | E64: 성함 | F64: 연락처 | G64: 주소/주요사항 | H64: 에어컨종류/개수/일반&종합 | I64: 계약금 | J64: 잔금 | K64: 0 | L64: 0
K65: =(I65+J65)*10000 | L65: =K65*L63
K66: =(I66+J66)*10000 | L66: =K66*L63
K67: =(I67+J67)*10000 | L67: =K67*L63
K68: =(I68+J68)*10000 | L68: =K68*L63
K69: =(I69+J69)*10000 | L69: =K69*L63
K70: =(I70+J70)*10000 | L70: =K70*L63
K71: =(I71+J71)*10000 | L71: =K71*L63
K72: =(I72+J72)*10000 | L72: =K72*L63
C73: [김포] 이재원 기사님 [ 벽 / 원 / 포 / 스탠드 사무실 위주 ] | K73: 수당률 | L73: 0.5 | M73: 0 | N73: 0
C74: 날짜/예약시간 | E74: 성함 | F74: 연락처 | G74: 주소/주요사항 | H74: 에어컨종류/개수/일반&종합 | I74: 계약금 | J74: 잔금 | K74: 합계 | L74: 수당
K75: =(I75+J75)*10000 | L75: =K75*L73
K76: =(I76+J76)*10000 | L76: =K76*L73
K77: =(I77+J77)*10000 | L77: =K77*L73
K78: =(I78+J78)*10000 | L78: =K78*L73
K79: =(I79+J79)*10000 | L79: =K79*L73
K80: =(I80+J80)*10000 | L80: =K80*L73
K81: =(I81+J81)*10000 | L81: =K81*L73
K82: =(I82+J82)*10000 | L82: =K82*L73
C83: [인천 계양/토 휴무/일 근무] 선근 기사님 [ 벽 / 원 / 포 ] | K83: 수당률 | L83: 0.5 | M83: 0 | N83: 0
C84: 날짜/예약시간 | E84: 성함 | F84: 연락처 | G84: 주소/주요사항 | H84: 에어컨종류/개수/일반&종합 | I84: 계약금 | J84: 잔금 | K84: 합계 | L84: 수당
K85: =(I85+J85)*10000 | L85: =K85*L83
K86: =(I86+J86)*10000 | L86: =K86*L83
K87: =(I87+J87)*10000 | L87: =K87*L83
K88: =(I88+J88)*10000 | L88: =K88*L83
K89: =(I89+J89)*10000 | L89: =K89*L83
K90: =(I90+J90)*10000 | L90: =K90*L83
K91: =(I91+J91)*10000 | L91: =K91*L83
K92: =(I92+J92)*10000 | L92: =K92*L83
C93: [마포구/화토일 휴무] 지니 기사님 [벽걸이만 하루 4개] | K93: 수당률 | L93: 0.5 | M93: 0 | N93: 0
C94: 날짜/예약시간 | E94: 성함 | F94: 연락처 | G94: 주소/주요사항 | H94: 에어컨종류/개수/일반&종합 | I94: 계약금 | J94: 잔금 | K94: 합계 | L94: 수당
K95: =(I95+J95)*10000 | L95: =K95*L90
K96: =(I96+J96)*10000 | L96: =K96*L90
K97: =(I97+J97)*10000 | L97: =K97*L90
K98: =(I98+J98)*10000 | L98: =K98*L90
G99: 벽걸이 대수가 4개여야 합니다 (3시 마지막) | K99: 0 | L99: 0
K100: 0 | L100: 0
K101: 0 | L101: 0
...

Sheet 24
C1: =DATE(년,월,_xlfn.SHEET()) -> 25569.375 | P1: 금일 매출
C3: 아무것도 잡지마세요 | K3: 수당률 | M3: =SUM(K5:K12) | N3: =SUM(L5:L12)
B4: NO. | C4: 날짜/예약시간 | E4: 성함 | F4: 연락처 | G4: 주소/주요사항 | H4: 에어컨종류/개수/일반&종합 | I4: 계약금 | J4: 잔금 | K4: 합계 | L4: 수당 | P4: 순이익 | Q4: =P10-R10
B5: 1 | K5: =(I5+J5)*10000 | L5: =K5*L3
B6: 2 | K6: =(I6+J6)*10000 | L6: =K6*L3
B7: 3 | K7: =(I7+J7)*10000 | L7: =K7*L3 | P7: 수입 | R7: 지출
B8: 4 | K8: =(I8+J8)*10000 | L8: =K8*L3 | P8: 계약 | Q8: 기타 | R8: 수당비 | S8: 광고비 | T8: 기타
B9: 5 | K9: =(I9+J9)*10000 | L9: =K9*L3 | P9: =SUM(M:M) | R9: =SUM(N:N)
B10: 6 | K10: =(I10+J10)*10000 | L10: =K10*L3 | P10: =SUM(P9:Q9) | R10: =SUM(R9:T9)
B11: 7 | K11: =(I11+J11)*10000 | L11: =K11*L3
B12: 8 | K12: =(I12+J12)*10000 | L12: =K12*L3
C13: [인천시] 김의덕 기사님 [일정 여유롭게 / 벽/원/포/스탠드 사무실위주/고층사다리] | K13: 수당률 | L13: 0.5 | M13: =SUM(K15:K22) | N13: =SUM(L15:L22)
B14: NO. | C14: 날짜/예약시간 | E14: 성함 | F14: 연락처 | G14: 주소/주요사항 | H14: 에어컨종류/개수/일반&종합 | I14: 계약금 | J14: 잔금 | K14: 합계 | L14: 수당 | M14: 고층사다리
B15: 1 | K15: =(I15+J15)*10000 | L15: =K15*L13
B16: 2 | K16: =(I16+J16)*10000 | L16: =K16*L13
B17: 3 | K17: =(I17+J17)*10000 | L17: =K17*L13
B18: 4 | C18: 24 | D18: 3시~4시 | E18: 박주미 | F18: 010-8816-5906 | G18: 금천구 디지털로 10길 69 가산센트럴푸르지오시티 A동 204호 | H18: 원웨이 종합 | I18: 3 | J18: 5 | K18: =(I18+J18)*10000 | L18: =K18*L13
B19: 5 | K19: =(I19+J19)*10000 | L19: =K19*L13
B20: 6 | K20: =(I20+J20)*10000 | L20: =K20*L13
B21: 7 | K21: =(I21+J21)*10000 | L21: =K21*L13
B22: 8 | K22: =(I22+J22)*10000 | L22: =K22*L13
C23: [인천 서구/격주토요휴무] 신국관 기사님 [벽/원/포] | K23: 수당률 | L23: 0.5 | M23: =SUM(K25:K32) | N23: =SUM(L25:L32)
B24: NO. | C24: 날짜/예약시간 | E24: 성함 | F24: 연락처 | G24: 주소/주요사항 | H24: 에어컨종류/개수/일반&종합 | I24: 계약금 | J24: 잔금 | K24: 합계 | L24: 수당
B25: 1 | G25: 10시부터 일정 잡아주세요 | K25: =(I25+J25)*10000 | L25: =K25*L23
B26: 2 | K26: =(I26+J26)*10000 | L26: =K26*L23
B27: 3 | K27: =(I27+J27)*10000 | L27: =K27*L23
B28: 4 | K28: =(I28+J28)*10000 | L28: =K28*L23
B29: 5 | K29: =(I29+J29)*10000 | L29: =K29*L23
B30: 6 | K30: =(I30+J30)*10000 | L30: =K30*L23
B31: 7 | K31: =(I31+J31)*10000 | L31: =K31*L23
B32: 8 | K32: =(I32+J32)*10000 | L32: =K32*L23
C33: [김포시] 전상현 기사님 [일정 여유롭게 / 벽/원/스탠드 사무실위주/통] | K33: 수당률 | L33: 0.5 | M33: =SUM(K35:K42) | N33: =SUM(L35:L42)
C34: 날짜/예약시간 | E34: 성함 | F34: 연락처 | G34: 주소/주요사항 | H34: 에어컨종류/개수/일반&종합 | I34: 계약금 | J34: 잔금 | K34: 합계 | L34: 수당 | M34: 포웨이 3시간
K35: =(I35+J35)*10000 | L35: =K35*L33
K36: =(I36+J36)*10000 | L36: =K36*L33
K37: =(I37+J37)*10000 | L37: =K37*L33
K38: =(I38+J38)*10000 | L38: =K38*L33
K39: =(I39+J39)*10000 | L39: =K39*L33
K40: =(I40+J40)*10000 | L40: =K40*L33
K41: =(I41+J41)*10000 | L41: =K41*L33
K42: =(I42+J42)*10000 | L42: =K42*L33
C43: 부천 중동 기사님 [일정 여유롭게 / 벽/원/스탠드 사무실위주] | K43: 수당률 | L43: 0.5 | M43: 0 | N43: 0
C44: 날짜/예약시간 | E44: 성함 | F44: 연락처 | G44: 주소/주요사항 | H44: 에어컨종류/개수/일반&종합 | I44: 계약금 | J44: 잔금 | K44: 합계 | L44: 수당
K45: =(I45+J45)*10000 | L45: =K45*L43
K46: =(I46+J46)*10000 | L46: =K46*L43
K47: =(I47+J47)*10000 | L47: =K47*L43
K48: =(I48+J48)*10000 | L48: =K48*L43
K49: =(I49+J49)*10000 | L49: =K49*L43
K50: =(I50+J50)*10000 | L50: =K50*L43
K51: =(I51+J51)*10000 | L51: =K51*L43
K52: =(I52+J52)*10000 | L52: =K52*L43
C53: [부천] 김민구 기사님 [ 벽 / 원 / 포 / 스탠드 사무실 위주 ] | K53: 수당률 | L53: 0.5 | M53: 0 | N53: 0
C54: 날짜/예약시간 | E54: 성함 | F54: 연락처 | G54: 주소/주요사항 | H54: 에어컨종류/개수/일반&종합 | I54: 계약금 | J54: 잔금 | K54: 합계 | L54: 수당
K55: =(I55+J55)*10000 | L55: =K55*L53
K56: =(I56+J56)*10000 | L56: =K56*L53
K57: =(I57+J57)*10000 | L57: =K57*L53
K58: =(I58+J58)*10000 | L58: =K58*L53
K59: =(I59+J59)*10000 | L59: =K59*L53
K60: =(I60+J60)*10000 | L60: =K60*L53
K61: =(I61+J61)*10000 | L61: =K61*L53
K62: =(I62+J62)*10000 | L62: =K62*L53
C63: [김포] 구형모 기사님 [ 벽 / 원 / 포 / 스탠드 사무실 위주 ] | K63: 수당률 | L63: 0.5 | M63: 0 | N63: 0
C64: 날짜/예약시간 | E64: 성함 | F64: 연락처 | G64: 주소/주요사항 | H64: 에어컨종류/개수/일반&종합 | I64: 계약금 | J64: 잔금 | K64: 0 | L64: 0
K65: =(I65+J65)*10000 | L65: =K65*L63
K66: =(I66+J66)*10000 | L66: =K66*L63
K67: =(I67+J67)*10000 | L67: =K67*L63
K68: =(I68+J68)*10000 | L68: =K68*L63
K69: =(I69+J69)*10000 | L69: =K69*L63
K70: =(I70+J70)*10000 | L70: =K70*L63
K71: =(I71+J71)*10000 | L71: =K71*L63
K72: =(I72+J72)*10000 | L72: =K72*L63
C73: [김포] 이재원 기사님 [ 벽 / 원 / 포 / 스탠드 사무실 위주 ] | K73: 수당률 | L73: 0.5 | M73: 0 | N73: 0
C74: 날짜/예약시간 | E74: 성함 | F74: 연락처 | G74: 주소/주요사항 | H74: 에어컨종류/개수/일반&종합 | I74: 계약금 | J74: 잔금 | K74: 합계 | L74: 수당
K75: =(I75+J75)*10000 | L75: =K75*L73
K76: =(I76+J76)*10000 | L76: =K76*L73
K77: =(I77+J77)*10000 | L77: =K77*L73
K78: =(I78+J78)*10000 | L78: =K78*L73
K79: =(I79+J79)*10000 | L79: =K79*L73
K80: =(I80+J80)*10000 | L80: =K80*L73
K81: =(I81+J81)*10000 | L81: =K81*L73
K82: =(I82+J82)*10000 | L82: =K82*L73
C83: [인천 계양/토 휴무/일 근무] 선근 기사님 [ 벽 / 원 / 포 ] | K83: 수당률 | L83: 0.5 | M83: 0 | N83: 0
C84: 날짜/예약시간 | E84: 성함 | F84: 연락처 | G84: 주소/주요사항 | H84: 에어컨종류/개수/일반&종합 | I84: 계약금 | J84: 잔금 | K84: 합계 | L84: 수당
K85: =(I85+J85)*10000 | L85: =K85*L83
K86: =(I86+J86)*10000 | L86: =K86*L83
K87: =(I87+J87)*10000 | L87: =K87*L83
K88: =(I88+J88)*10000 | L88: =K88*L83
K89: =(I89+J89)*10000 | L89: =K89*L83
K90: =(I90+J90)*10000 | L90: =K90*L83
K91: =(I91+J91)*10000 | L91: =K91*L83
K92: =(I92+J92)*10000 | L92: =K92*L83
C93: [마포구/화토일 휴무] 지니 기사님 [벽걸이만 하루 4개] | K93: 수당률 | L93: 0.5 | M93: 0 | N93: 0
C94: 날짜/예약시간 | E94: 성함 | F94: 연락처 | G94: 주소/주요사항 | H94: 에어컨종류/개수/일반&종합 | I94: 계약금 | J94: 잔금 | K94: 합계 | L94: 수당
K95: =(I95+J95)*10000 | L95: =K95*L90
K96: =(I96+J96)*10000 | L96: =K96*L90
K97: =(I97+J97)*10000 | L97: =K97*L90
K98: =(I98+J98)*10000 | L98: =K98*L90
G99: 벽걸이 대수가 4개여야 합니다 (3시 마지막) | K99: 0 | L99: 0
K100: 0 | L100: 0
K101: 0 | L101: 0
...

Sheet 25
C1: =DATE(년,월,_xlfn.SHEET()) -> 25569.375 | P1: 금일 매출
C3: 아무것도 잡지마세요 | K3: 수당률 | M3: =SUM(K5:K12) | N3: =SUM(L5:L12)
B4: NO. | C4: 날짜/예약시간 | E4: 성함 | F4: 연락처 | G4: 주소/주요사항 | H4: 에어컨종류/개수/일반&종합 | I4: 계약금 | J4: 잔금 | K4: 합계 | L4: 수당 | P4: 순이익 | Q4: =P10-R10
B5: 1 | K5: =(I5+J5)*10000 | L5: =K5*L3
B6: 2 | K6: =(I6+J6)*10000 | L6: =K6*L3
B7: 3 | K7: =(I7+J7)*10000 | L7: =K7*L3 | P7: 수입 | R7: 지출
B8: 4 | K8: =(I8+J8)*10000 | L8: =K8*L3 | P8: 계약 | Q8: 기타 | R8: 수당비 | S8: 광고비 | T8: 기타
B9: 5 | K9: =(I9+J9)*10000 | L9: =K9*L3 | P9: =SUM(M:M) | R9: =SUM(N:N)
B10: 6 | K10: =(I10+J10)*10000 | L10: =K10*L3 | P10: =SUM(P9:Q9) | R10: =SUM(R9:T9)
B11: 7 | K11: =(I11+J11)*10000 | L11: =K11*L3
B12: 8 | K12: =(I12+J12)*10000 | L12: =K12*L3
C13: [인천시] 김의덕 기사님 [일정 여유롭게 / 벽/원/포/스탠드 사무실위주/고층사다리] | K13: 수당률 | L13: 0.5 | M13: =SUM(K15:K22) | N13: =SUM(L15:L22)
B14: NO. | C14: 날짜/예약시간 | E14: 성함 | F14: 연락처 | G14: 주소/주요사항 | H14: 에어컨종류/개수/일반&종합 | I14: 계약금 | J14: 잔금 | K14: 합계 | L14: 수당 | M14: 고층사다리
B15: 1 | K15: =(I15+J15)*10000 | L15: =K15*L13
B16: 2 | K16: =(I16+J16)*10000 | L16: =K16*L13
B17: 3 | K17: =(I17+J17)*10000 | L17: =K17*L13
B18: 4 | K18: =(I18+J18)*10000 | L18: =K18*L13
B19: 5 | K19: =(I19+J19)*10000 | L19: =K19*L13
B20: 6 | K20: =(I20+J20)*10000 | L20: =K20*L13
B21: 7 | K21: =(I21+J21)*10000 | L21: =K21*L13
B22: 8 | K22: =(I22+J22)*10000 | L22: =K22*L13
C23: [인천 서구/격주토요휴무] 신국관 기사님 [벽/원/포] | K23: 수당률 | L23: 0.5 | M23: =SUM(K25:K32) | N23: =SUM(L25:L32)
B24: NO. | C24: 날짜/예약시간 | E24: 성함 | F24: 연락처 | G24: 주소/주요사항 | H24: 에어컨종류/개수/일반&종합 | I24: 계약금 | J24: 잔금 | K24: 합계 | L24: 수당
B25: 1 | G25: 10시부터 일정 잡아주세요 | K25: =(I25+J25)*10000 | L25: =K25*L23
B26: 2 | K26: =(I26+J26)*10000 | L26: =K26*L23
B27: 3 | K27: =(I27+J27)*10000 | L27: =K27*L23
B28: 4 | K28: =(I28+J28)*10000 | L28: =K28*L23
B29: 5 | K29: =(I29+J29)*10000 | L29: =K29*L23
B30: 6 | K30: =(I30+J30)*10000 | L30: =K30*L23
B31: 7 | K31: =(I31+J31)*10000 | L31: =K31*L23
B32: 8 | K32: =(I32+J32)*10000 | L32: =K32*L23
C33: [김포시] 전상현 기사님 [일정 여유롭게 / 벽/원/스탠드 사무실위주/통] | K33: 수당률 | L33: 0.5 | M33: =SUM(K35:K42) | N33: =SUM(L35:L42)
C34: 날짜/예약시간 | E34: 성함 | F34: 연락처 | G34: 주소/주요사항 | H34: 에어컨종류/개수/일반&종합 | I34: 계약금 | J34: 잔금 | K34: 합계 | L34: 수당 | M34: 포웨이 3시간
K35: =(I35+J35)*10000 | L35: =K35*L33
K36: =(I36+J36)*10000 | L36: =K36*L33
K37: =(I37+J37)*10000 | L37: =K37*L33
K38: =(I38+J38)*10000 | L38: =K38*L33
K39: =(I39+J39)*10000 | L39: =K39*L33
K40: =(I40+J40)*10000 | L40: =K40*L33
K41: =(I41+J41)*10000 | L41: =K41*L33
K42: =(I42+J42)*10000 | L42: =K42*L33
C43: 부천 중동 기사님 [일정 여유롭게 / 벽/원/스탠드 사무실위주] | K43: 수당률 | L43: 0.5 | M43: 0 | N43: 0
C44: 날짜/예약시간 | E44: 성함 | F44: 연락처 | G44: 주소/주요사항 | H44: 에어컨종류/개수/일반&종합 | I44: 계약금 | J44: 잔금 | K44: 합계 | L44: 수당
K45: =(I45+J45)*10000 | L45: =K45*L43
K46: =(I46+J46)*10000 | L46: =K46*L43
K47: =(I47+J47)*10000 | L47: =K47*L43
K48: =(I48+J48)*10000 | L48: =K48*L43
K49: =(I49+J49)*10000 | L49: =K49*L43
K50: =(I50+J50)*10000 | L50: =K50*L43
K51: =(I51+J51)*10000 | L51: =K51*L43
K52: =(I52+J52)*10000 | L52: =K52*L43
C53: [부천] 김민구 기사님 [ 벽 / 원 / 포 / 스탠드 사무실 위주 ] | K53: 수당률 | L53: 0.5 | M53: 0 | N53: 0
C54: 날짜/예약시간 | E54: 성함 | F54: 연락처 | G54: 주소/주요사항 | H54: 에어컨종류/개수/일반&종합 | I54: 계약금 | J54: 잔금 | K54: 합계 | L54: 수당
K55: =(I55+J55)*10000 | L55: =K55*L53
K56: =(I56+J56)*10000 | L56: =K56*L53
K57: =(I57+J57)*10000 | L57: =K57*L53
K58: =(I58+J58)*10000 | L58: =K58*L53
K59: =(I59+J59)*10000 | L59: =K59*L53
K60: =(I60+J60)*10000 | L60: =K60*L53
K61: =(I61+J61)*10000 | L61: =K61*L53
K62: =(I62+J62)*10000 | L62: =K62*L53
C63: [김포] 구형모 기사님 [ 벽 / 원 / 포 / 스탠드 사무실 위주 ] | K63: 수당률 | L63: 0.5 | M63: 0 | N63: 0
C64: 날짜/예약시간 | E64: 성함 | F64: 연락처 | G64: 주소/주요사항 | H64: 에어컨종류/개수/일반&종합 | I64: 계약금 | J64: 잔금 | K64: 0 | L64: 0
K65: =(I65+J65)*10000 | L65: =K65*L63
K66: =(I66+J66)*10000 | L66: =K66*L63
K67: =(I67+J67)*10000 | L67: =K67*L63
K68: =(I68+J68)*10000 | L68: =K68*L63
K69: =(I69+J69)*10000 | L69: =K69*L63
K70: =(I70+J70)*10000 | L70: =K70*L63
K71: =(I71+J71)*10000 | L71: =K71*L63
K72: =(I72+J72)*10000 | L72: =K72*L63
C73: [김포] 이재원 기사님 [ 벽 / 원 / 포 / 스탠드 사무실 위주 ] | K73: 수당률 | L73: 0.5 | M73: 0 | N73: 0
C74: 날짜/예약시간 | E74: 성함 | F74: 연락처 | G74: 주소/주요사항 | H74: 에어컨종류/개수/일반&종합 | I74: 계약금 | J74: 잔금 | K74: 합계 | L74: 수당
K75: =(I75+J75)*10000 | L75: =K75*L73
K76: =(I76+J76)*10000 | L76: =K76*L73
K77: =(I77+J77)*10000 | L77: =K77*L73
K78: =(I78+J78)*10000 | L78: =K78*L73
K79: =(I79+J79)*10000 | L79: =K79*L73
K80: =(I80+J80)*10000 | L80: =K80*L73
K81: =(I81+J81)*10000 | L81: =K81*L73
K82: =(I82+J82)*10000 | L82: =K82*L73
C83: [인천 계양/토 휴무/일 근무] 선근 기사님 [ 벽 / 원 / 포 ] | K83: 수당률 | L83: 0.5 | M83: 0 | N83: 0
C84: 날짜/예약시간 | E84: 성함 | F84: 연락처 | G84: 주소/주요사항 | H84: 에어컨종류/개수/일반&종합 | I84: 계약금 | J84: 잔금 | K84: 합계 | L84: 수당
K85: =(I85+J85)*10000 | L85: =K85*L83
K86: =(I86+J86)*10000 | L86: =K86*L83
K87: =(I87+J87)*10000 | L87: =K87*L83
K88: =(I88+J88)*10000 | L88: =K88*L83
K89: =(I89+J89)*10000 | L89: =K89*L83
K90: =(I90+J90)*10000 | L90: =K90*L83
K91: =(I91+J91)*10000 | L91: =K91*L83
K92: =(I92+J92)*10000 | L92: =K92*L83
C93: [마포구/화토일 휴무] 지니 기사님 [벽걸이만 하루 4개] | K93: 수당률 | L93: 0.5 | M93: 0 | N93: 0
C94: 날짜/예약시간 | E94: 성함 | F94: 연락처 | G94: 주소/주요사항 | H94: 에어컨종류/개수/일반&종합 | I94: 계약금 | J94: 잔금 | K94: 합계 | L94: 수당
K95: =(I95+J95)*10000 | L95: =K95*L90
K96: =(I96+J96)*10000 | L96: =K96*L90
K97: =(I97+J97)*10000 | L97: =K97*L90
K98: =(I98+J98)*10000 | L98: =K98*L90
G99: 벽걸이 대수가 4개여야 합니다 (3시 마지막) | K99: 0 | L99: 0
K100: 0 | L100: 0
K101: 0 | L101: 0
...

Sheet 26
C1: =DATE(년,월,_xlfn.SHEET()) -> 25569.375 | P1: 금일 매출
C3: 아무것도 잡지마세요 | K3: 수당률 | M3: =SUM(K5:K12) | N3: =SUM(L5:L12)
B4: NO. | C4: 날짜/예약시간 | E4: 성함 | F4: 연락처 | G4: 주소/주요사항 | H4: 에어컨종류/개수/일반&종합 | I4: 계약금 | J4: 잔금 | K4: 합계 | L4: 수당 | P4: 순이익 | Q4: =P10-R10
B5: 1 | K5: =(I5+J5)*10000 | L5: =K5*L3
B6: 2 | K6: =(I6+J6)*10000 | L6: =K6*L3
B7: 3 | K7: =(I7+J7)*10000 | L7: =K7*L3 | P7: 수입 | R7: 지출
B8: 4 | K8: =(I8+J8)*10000 | L8: =K8*L3 | P8: 계약 | Q8: 기타 | R8: 수당비 | S8: 광고비 | T8: 기타
B9: 5 | K9: =(I9+J9)*10000 | L9: =K9*L3 | P9: =SUM(M:M) | R9: =SUM(N:N)
B10: 6 | K10: =(I10+J10)*10000 | L10: =K10*L3 | P10: =SUM(P9:Q9) | R10: =SUM(R9:T9)
B11: 7 | K11: =(I11+J11)*10000 | L11: =K11*L3
B12: 8 | K12: =(I12+J12)*10000 | L12: =K12*L3
C13: [인천시] 김의덕 기사님 [일정 여유롭게 / 벽/원/포/스탠드 사무실위주/고층사다리] | K13: 수당률 | L13: 0.5 | M13: =SUM(K15:K22) | N13: =SUM(L15:L22)
B14: NO. | C14: 날짜/예약시간 | E14: 성함 | F14: 연락처 | G14: 주소/주요사항 | H14: 에어컨종류/개수/일반&종합 | I14: 계약금 | J14: 잔금 | K14: 합계 | L14: 수당 | M14: 고층사다리
B15: 1 | K15: =(I15+J15)*10000 | L15: =K15*L13
B16: 2 | K16: =(I16+J16)*10000 | L16: =K16*L13
B17: 3 | K17: =(I17+J17)*10000 | L17: =K17*L13
B18: 4 | K18: =(I18+J18)*10000 | L18: =K18*L13
B19: 5 | K19: =(I19+J19)*10000 | L19: =K19*L13
B20: 6 | K20: =(I20+J20)*10000 | L20: =K20*L13
B21: 7 | K21: =(I21+J21)*10000 | L21: =K21*L13
B22: 8 | K22: =(I22+J22)*10000 | L22: =K22*L13
C23: [인천 서구/격주토요휴무] 신국관 기사님 [벽/원/포] | K23: 수당률 | L23: 0.5 | M23: =SUM(K25:K32) | N23: =SUM(L25:L32)
B24: NO. | C24: 날짜/예약시간 | E24: 성함 | F24: 연락처 | G24: 주소/주요사항 | H24: 에어컨종류/개수/일반&종합 | I24: 계약금 | J24: 잔금 | K24: 합계 | L24: 수당
B25: 1 | G25: 10시부터 일정 잡아주세요 | K25: =(I25+J25)*10000 | L25: =K25*L23
B26: 2 | K26: =(I26+J26)*10000 | L26: =K26*L23
B27: 3 | K27: =(I27+J27)*10000 | L27: =K27*L23
B28: 4 | K28: =(I28+J28)*10000 | L28: =K28*L23
B29: 5 | K29: =(I29+J29)*10000 | L29: =K29*L23
B30: 6 | K30: =(I30+J30)*10000 | L30: =K30*L23
B31: 7 | K31: =(I31+J31)*10000 | L31: =K31*L23
B32: 8 | K32: =(I32+J32)*10000 | L32: =K32*L23
C33: [김포시] 전상현 기사님 [일정 여유롭게 / 벽/원/스탠드 사무실위주/통] | K33: 수당률 | L33: 0.5 | M33: =SUM(K35:K42) | N33: =SUM(L35:L42)
C34: 날짜/예약시간 | E34: 성함 | F34: 연락처 | G34: 주소/주요사항 | H34: 에어컨종류/개수/일반&종합 | I34: 계약금 | J34: 잔금 | K34: 합계 | L34: 수당 | M34: 포웨이 3시간
K35: =(I35+J35)*10000 | L35: =K35*L33
K36: =(I36+J36)*10000 | L36: =K36*L33
K37: =(I37+J37)*10000 | L37: =K37*L33
K38: =(I38+J38)*10000 | L38: =K38*L33
K39: =(I39+J39)*10000 | L39: =K39*L33
K40: =(I40+J40)*10000 | L40: =K40*L33
K41: =(I41+J41)*10000 | L41: =K41*L33
K42: =(I42+J42)*10000 | L42: =K42*L33
C43: 부천 중동 기사님 [일정 여유롭게 / 벽/원/스탠드 사무실위주] | K43: 수당률 | L43: 0.5 | M43: 0 | N43: 0
C44: 날짜/예약시간 | E44: 성함 | F44: 연락처 | G44: 주소/주요사항 | H44: 에어컨종류/개수/일반&종합 | I44: 계약금 | J44: 잔금 | K44: 합계 | L44: 수당
K45: =(I45+J45)*10000 | L45: =K45*L43
K46: =(I46+J46)*10000 | L46: =K46*L43
K47: =(I47+J47)*10000 | L47: =K47*L43
K48: =(I48+J48)*10000 | L48: =K48*L43
K49: =(I49+J49)*10000 | L49: =K49*L43
K50: =(I50+J50)*10000 | L50: =K50*L43
K51: =(I51+J51)*10000 | L51: =K51*L43
K52: =(I52+J52)*10000 | L52: =K52*L43
C53: [부천] 김민구 기사님 [ 벽 / 원 / 포 / 스탠드 사무실 위주 ] | K53: 수당률 | L53: 0.5 | M53: 0 | N53: 0
C54: 날짜/예약시간 | E54: 성함 | F54: 연락처 | G54: 주소/주요사항 | H54: 에어컨종류/개수/일반&종합 | I54: 계약금 | J54: 잔금 | K54: 합계 | L54: 수당
K55: =(I55+J55)*10000 | L55: =K55*L53
K56: =(I56+J56)*10000 | L56: =K56*L53
K57: =(I57+J57)*10000 | L57: =K57*L53
K58: =(I58+J58)*10000 | L58: =K58*L53
K59: =(I59+J59)*10000 | L59: =K59*L53
K60: =(I60+J60)*10000 | L60: =K60*L53
K61: =(I61+J61)*10000 | L61: =K61*L53
K62: =(I62+J62)*10000 | L62: =K62*L53
C63: [김포] 구형모 기사님 [ 벽 / 원 / 포 / 스탠드 사무실 위주 ] | K63: 수당률 | L63: 0.5 | M63: 0 | N63: 0
C64: 날짜/예약시간 | E64: 성함 | F64: 연락처 | G64: 주소/주요사항 | H64: 에어컨종류/개수/일반&종합 | I64: 계약금 | J64: 잔금 | K64: 0 | L64: 0
K65: =(I65+J65)*10000 | L65: =K65*L63
K66: =(I66+J66)*10000 | L66: =K66*L63
K67: =(I67+J67)*10000 | L67: =K67*L63
K68: =(I68+J68)*10000 | L68: =K68*L63
K69: =(I69+J69)*10000 | L69: =K69*L63
K70: =(I70+J70)*10000 | L70: =K70*L63
K71: =(I71+J71)*10000 | L71: =K71*L63
K72: =(I72+J72)*10000 | L72: =K72*L63
C73: [김포] 이재원 기사님 [ 벽 / 원 / 포 / 스탠드 사무실 위주 ] | K73: 수당률 | L73: 0.5 | M73: 0 | N73: 0
C74: 날짜/예약시간 | E74: 성함 | F74: 연락처 | G74: 주소/주요사항 | H74: 에어컨종류/개수/일반&종합 | I74: 계약금 | J74: 잔금 | K74: 합계 | L74: 수당
K75: =(I75+J75)*10000 | L75: =K75*L73
K76: =(I76+J76)*10000 | L76: =K76*L73
K77: =(I77+J77)*10000 | L77: =K77*L73
K78: =(I78+J78)*10000 | L78: =K78*L73
K79: =(I79+J79)*10000 | L79: =K79*L73
K80: =(I80+J80)*10000 | L80: =K80*L73
K81: =(I81+J81)*10000 | L81: =K81*L73
K82: =(I82+J82)*10000 | L82: =K82*L73
C83: [인천 계양/토 휴무/일 근무] 선근 기사님 [ 벽 / 원 / 포 ] | K83: 수당률 | L83: 0.5 | M83: 0 | N83: 0
C84: 날짜/예약시간 | E84: 성함 | F84: 연락처 | G84: 주소/주요사항 | H84: 에어컨종류/개수/일반&종합 | I84: 계약금 | J84: 잔금 | K84: 합계 | L84: 수당
K85: =(I85+J85)*10000 | L85: =K85*L83
K86: =(I86+J86)*10000 | L86: =K86*L83
K87: =(I87+J87)*10000 | L87: =K87*L83
K88: =(I88+J88)*10000 | L88: =K88*L83
K89: =(I89+J89)*10000 | L89: =K89*L83
K90: =(I90+J90)*10000 | L90: =K90*L83
K91: =(I91+J91)*10000 | L91: =K91*L83
K92: =(I92+J92)*10000 | L92: =K92*L83
C93: [마포구/화토일 휴무] 지니 기사님 [벽걸이만 하루 4개] | K93: 수당률 | L93: 0.5 | M93: 0 | N93: 0
C94: 날짜/예약시간 | E94: 성함 | F94: 연락처 | G94: 주소/주요사항 | H94: 에어컨종류/개수/일반&종합 | I94: 계약금 | J94: 잔금 | K94: 합계 | L94: 수당
K95: =(I95+J95)*10000 | L95: =K95*L90
K96: =(I96+J96)*10000 | L96: =K96*L90
K97: =(I97+J97)*10000 | L97: =K97*L90
K98: =(I98+J98)*10000 | L98: =K98*L90
G99: 벽걸이 대수가 4개여야 합니다 (3시 마지막) | K99: 0 | L99: 0
K100: 0 | L100: 0
K101: 0 | L101: 0
...

Sheet 27
C1: =DATE(년,월,_xlfn.SHEET()) -> 25569.375 | P1: 금일 매출
C3: 아무것도 잡지마세요 | K3: 수당률 | M3: =SUM(K5:K12) | N3: =SUM(L5:L12)
B4: NO. | C4: 날짜/예약시간 | E4: 성함 | F4: 연락처 | G4: 주소/주요사항 | H4: 에어컨종류/개수/일반&종합 | I4: 계약금 | J4: 잔금 | K4: 합계 | L4: 수당 | P4: 순이익 | Q4: =P10-R10
B5: 1 | K5: =(I5+J5)*10000 | L5: =K5*L3
B6: 2 | K6: =(I6+J6)*10000 | L6: =K6*L3
B7: 3 | K7: =(I7+J7)*10000 | L7: =K7*L3 | P7: 수입 | R7: 지출
B8: 4 | K8: =(I8+J8)*10000 | L8: =K8*L3 | P8: 계약 | Q8: 기타 | R8: 수당비 | S8: 광고비 | T8: 기타
B9: 5 | K9: =(I9+J9)*10000 | L9: =K9*L3 | P9: =SUM(M:M) | R9: =SUM(N:N)
B10: 6 | K10: =(I10+J10)*10000 | L10: =K10*L3 | P10: =SUM(P9:Q9) | R10: =SUM(R9:T9)
B11: 7 | K11: =(I11+J11)*10000 | L11: =K11*L3
B12: 8 | K12: =(I12+J12)*10000 | L12: =K12*L3
C13: [인천시] 김의덕 기사님 [일정 여유롭게 / 벽/원/포/스탠드 사무실위주/고층사다리] | K13: 수당률 | L13: 0.5 | M13: =SUM(K15:K22) | N13: =SUM(L15:L22) | P13: 금주 매출
B14: NO. | C14: 날짜/예약시간 | E14: 성함 | F14: 연락처 | G14: 주소/주요사항 | H14: 에어컨종류/개수/일반&종합 | I14: 계약금 | J14: 잔금 | K14: 합계 | L14: 수당 | M14: 고층사다리
B15: 1 | K15: =(I15+J15)*10000 | L15: =K15*L13 | P15: 순이익 | Q15: =P21-R21
B16: 2 | K16: =(I16+J16)*10000 | L16: =K16*L13
B17: 3 | K17: =(I17+J17)*10000 | L17: =K17*L13
B18: 4 | K18: =(I18+J18)*10000 | L18: =K18*L13 | P18: 수입 | R18: 지출
B19: 5 | K19: =(I19+J19)*10000 | L19: =K19*L13 | P19: 계약 | Q19: 기타 | R19: 수당비 | S19: 광고비 | T19: 기타
B20: 6 | K20: =(I20+J20)*10000 | L20: =K20*L13 | P20: =SUM(P9,'8'!P9,'7'!P9,'6'!P9,'5'!P9,'4'!P9,'3'!P9) | Q20: =SUM(Q9,'8'!Q9,'7'!Q9,'6'!Q9,'5'!Q9,'4'!Q9,'3'!Q9) | R20: =SUM(R9,'8'!R9,'7'!R9,'6'!R9,'5'!R9,'4'!R9,'3'!R9) | S20: =SUM(S9,'8'!S9,'7'!S9,'6'!S9,'5'!S9,'4'!S9,'3'!S9) | T20: =SUM(T9,'8'!T9,'7'!T9,'6'!T9,'5'!T9,'4'!T9,'3'!T9)
B21: 7 | K21: =(I21+J21)*10000 | L21: =K21*L13 | P21: =SUM(P20:Q20) | R21: =SUM(R20:T20)
B22: 8 | K22: =(I22+J22)*10000 | L22: =K22*L13
C23: [인천 서구/격주토요휴무] 신국관 기사님 [벽/원/포] | K23: 수당률 | L23: 0.5 | M23: =SUM(K25:K32) | N23: =SUM(L25:L32)
B24: NO. | C24: 날짜/예약시간 | E24: 성함 | F24: 연락처 | G24: 주소/주요사항 | H24: 에어컨종류/개수/일반&종합 | I24: 계약금 | J24: 잔금 | K24: 합계 | L24: 수당
B25: 1 | G25: 10시부터 일정 잡아주세요 | K25: =(I25+J25)*10000 | L25: =K25*L23
B26: 2 | K26: =(I26+J26)*10000 | L26: =K26*L23
B27: 3 | K27: =(I27+J27)*10000 | L27: =K27*L23
B28: 4 | K28: =(I28+J28)*10000 | L28: =K28*L23
B29: 5 | K29: =(I29+J29)*10000 | L29: =K29*L23
B30: 6 | K30: =(I30+J30)*10000 | L30: =K30*L23
B31: 7 | K31: =(I31+J31)*10000 | L31: =K31*L23
B32: 8 | K32: =(I32+J32)*10000 | L32: =K32*L23
C33: [김포시] 전상현 기사님 [일정 여유롭게 / 벽/원/스탠드 사무실위주/통] | K33: 수당률 | L33: 0.5 | M33: =SUM(K35:K42) | N33: =SUM(L35:L42)
C34: 날짜/예약시간 | E34: 성함 | F34: 연락처 | G34: 주소/주요사항 | H34: 에어컨종류/개수/일반&종합 | I34: 계약금 | J34: 잔금 | K34: 합계 | L34: 수당 | M34: 포웨이 3시간
K35: =(I35+J35)*10000 | L35: =K35*L33
K36: =(I36+J36)*10000 | L36: =K36*L33
K37: =(I37+J37)*10000 | L37: =K37*L33
K38: =(I38+J38)*10000 | L38: =K38*L33
K39: =(I39+J39)*10000 | L39: =K39*L33
K40: =(I40+J40)*10000 | L40: =K40*L33
K41: =(I41+J41)*10000 | L41: =K41*L33
K42: =(I42+J42)*10000 | L42: =K42*L33
C43: 부천 중동 기사님 [일정 여유롭게 / 벽/원/스탠드 사무실위주] | K43: 수당률 | L43: 0.5 | M43: 0 | N43: 0
C44: 날짜/예약시간 | E44: 성함 | F44: 연락처 | G44: 주소/주요사항 | H44: 에어컨종류/개수/일반&종합 | I44: 계약금 | J44: 잔금 | K44: 합계 | L44: 수당
K45: =(I45+J45)*10000 | L45: =K45*L43
K46: =(I46+J46)*10000 | L46: =K46*L43
K47: =(I47+J47)*10000 | L47: =K47*L43
K48: =(I48+J48)*10000 | L48: =K48*L43
K49: =(I49+J49)*10000 | L49: =K49*L43
K50: =(I50+J50)*10000 | L50: =K50*L43
K51: =(I51+J51)*10000 | L51: =K51*L43
K52: =(I52+J52)*10000 | L52: =K52*L43
C53: [부천] 김민구 기사님 [ 벽 / 원 / 포 / 스탠드 사무실 위주 ] | K53: 수당률 | L53: 0.5 | M53: 0 | N53: 0
C54: 날짜/예약시간 | E54: 성함 | F54: 연락처 | G54: 주소/주요사항 | H54: 에어컨종류/개수/일반&종합 | I54: 계약금 | J54: 잔금 | K54: 합계 | L54: 수당
K55: =(I55+J55)*10000 | L55: =K55*L53
K56: =(I56+J56)*10000 | L56: =K56*L53
K57: =(I57+J57)*10000 | L57: =K57*L53
K58: =(I58+J58)*10000 | L58: =K58*L53
K59: =(I59+J59)*10000 | L59: =K59*L53
K60: =(I60+J60)*10000 | L60: =K60*L53
K61: =(I61+J61)*10000 | L61: =K61*L53
K62: =(I62+J62)*10000 | L62: =K62*L53
C63: [김포] 구형모 기사님 [ 벽 / 원 / 포 / 스탠드 사무실 위주 ] | K63: 수당률 | L63: 0.5 | M63: 0 | N63: 0
C64: 날짜/예약시간 | E64: 성함 | F64: 연락처 | G64: 주소/주요사항 | H64: 에어컨종류/개수/일반&종합 | I64: 계약금 | J64: 잔금 | K64: 0 | L64: 0
K65: =(I65+J65)*10000 | L65: =K65*L63
K66: =(I66+J66)*10000 | L66: =K66*L63
K67: =(I67+J67)*10000 | L67: =K67*L63
K68: =(I68+J68)*10000 | L68: =K68*L63
K69: =(I69+J69)*10000 | L69: =K69*L63
K70: =(I70+J70)*10000 | L70: =K70*L63
K71: =(I71+J71)*10000 | L71: =K71*L63
K72: =(I72+J72)*10000 | L72: =K72*L63
C73: [김포] 이재원 기사님 [ 벽 / 원 / 포 / 스탠드 사무실 위주 ] | K73: 수당률 | L73: 0.5 | M73: 0 | N73: 0
C74: 날짜/예약시간 | E74: 성함 | F74: 연락처 | G74: 주소/주요사항 | H74: 에어컨종류/개수/일반&종합 | I74: 계약금 | J74: 잔금 | K74: 합계 | L74: 수당
K75: =(I75+J75)*10000 | L75: =K75*L73
K76: =(I76+J76)*10000 | L76: =K76*L73
K77: =(I77+J77)*10000 | L77: =K77*L73
K78: =(I78+J78)*10000 | L78: =K78*L73
K79: =(I79+J79)*10000 | L79: =K79*L73
K80: =(I80+J80)*10000 | L80: =K80*L73
K81: =(I81+J81)*10000 | L81: =K81*L73
K82: =(I82+J82)*10000 | L82: =K82*L73
C83: [인천 계양/토 휴무/일 근무] 선근 기사님 [ 벽 / 원 / 포 ] | K83: 수당률 | L83: 0.5 | M83: 0 | N83: 0
C84: 날짜/예약시간 | E84: 성함 | F84: 연락처 | G84: 주소/주요사항 | H84: 에어컨종류/개수/일반&종합 | I84: 계약금 | J84: 잔금 | K84: 합계 | L84: 수당
K85: =(I85+J85)*10000 | L85: =K85*L83
K86: =(I86+J86)*10000 | L86: =K86*L83
K87: =(I87+J87)*10000 | L87: =K87*L83
K88: =(I88+J88)*10000 | L88: =K88*L83
K89: =(I89+J89)*10000 | L89: =K89*L83
K90: =(I90+J90)*10000 | L90: =K90*L83
K91: =(I91+J91)*10000 | L91: =K91*L83
K92: =(I92+J92)*10000 | L92: =K92*L83
C93: [마포구/화토일 휴무] 지니 기사님 [벽걸이만 하루 4개] | K93: 수당률 | L93: 0.5 | M93: 0 | N93: 0
C94: 날짜/예약시간 | E94: 성함 | F94: 연락처 | G94: 주소/주요사항 | H94: 에어컨종류/개수/일반&종합 | I94: 계약금 | J94: 잔금 | K94: 합계 | L94: 수당
K95: =(I95+J95)*10000 | L95: =K95*L90
K96: =(I96+J96)*10000 | L96: =K96*L90
K97: =(I97+J97)*10000 | L97: =K97*L90
K98: =(I98+J98)*10000 | L98: =K98*L90
G99: 벽걸이 대수가 4개여야 합니다 (3시 마지막) | K99: 0 | L99: 0
K100: 0 | L100: 0
K101: 0 | L101: 0
...

Sheet 28
C1: =DATE(년,월,_xlfn.SHEET()) -> 25569.375 | P1: 금일 매출
C3: 아무것도 잡지마세요 | K3: 수당률 | M3: =SUM(K5:K12) | N3: =SUM(L5:L12)
B4: NO. | C4: 날짜/예약시간 | E4: 성함 | F4: 연락처 | G4: 주소/주요사항 | H4: 에어컨종류/개수/일반&종합 | I4: 계약금 | J4: 잔금 | K4: 합계 | L4: 수당 | P4: 순이익 | Q4: =P10-R10
B5: 1 | K5: =(I5+J5)*10000 | L5: =K5*L3
B6: 2 | K6: =(I6+J6)*10000 | L6: =K6*L3
B7: 3 | K7: =(I7+J7)*10000 | L7: =K7*L3 | P7: 수입 | R7: 지출
B8: 4 | K8: =(I8+J8)*10000 | L8: =K8*L3 | P8: 계약 | Q8: 기타 | R8: 수당비 | S8: 광고비 | T8: 기타
B9: 5 | K9: =(I9+J9)*10000 | L9: =K9*L3 | P9: =SUM(M:M) | R9: =SUM(N:N)
B10: 6 | K10: =(I10+J10)*10000 | L10: =K10*L3 | P10: =SUM(P9:Q9) | R10: =SUM(R9:T9)
B11: 7 | K11: =(I11+J11)*10000 | L11: =K11*L3
B12: 8 | K12: =(I12+J12)*10000 | L12: =K12*L3
C13: [인천시] 김의덕 기사님 [일정 여유롭게 / 벽/원/포/스탠드 사무실위주/고층사다리] | K13: 수당률 | L13: 0.5 | M13: =SUM(K15:K22) | N13: =SUM(L15:L22)
B14: NO. | C14: 날짜/예약시간 | E14: 성함 | F14: 연락처 | G14: 주소/주요사항 | H14: 에어컨종류/개수/일반&종합 | I14: 계약금 | J14: 잔금 | K14: 합계 | L14: 수당 | M14: 고층사다리
B15: 1 | K15: =(I15+J15)*10000 | L15: =K15*L13
B16: 2 | K16: =(I16+J16)*10000 | L16: =K16*L13
B17: 3 | K17: =(I17+J17)*10000 | L17: =K17*L13
B18: 4 | K18: =(I18+J18)*10000 | L18: =K18*L13
B19: 5 | K19: =(I19+J19)*10000 | L19: =K19*L13
B20: 6 | K20: =(I20+J20)*10000 | L20: =K20*L13
B21: 7 | K21: =(I21+J21)*10000 | L21: =K21*L13
B22: 8 | K22: =(I22+J22)*10000 | L22: =K22*L13
C23: [인천 서구/격주토요휴무] 신국관 기사님 [벽/원/포] | K23: 수당률 | L23: 0.5 | M23: =SUM(K25:K32) | N23: =SUM(L25:L32)
B24: NO. | C24: 날짜/예약시간 | E24: 성함 | F24: 연락처 | G24: 주소/주요사항 | H24: 에어컨종류/개수/일반&종합 | I24: 계약금 | J24: 잔금 | K24: 합계 | L24: 수당
B25: 1 | G25: 10시부터 일정 잡아주세요 | K25: =(I25+J25)*10000 | L25: =K25*L23
B26: 2 | K26: =(I26+J26)*10000 | L26: =K26*L23
B27: 3 | K27: =(I27+J27)*10000 | L27: =K27*L23
B28: 4 | K28: =(I28+J28)*10000 | L28: =K28*L23
B29: 5 | K29: =(I29+J29)*10000 | L29: =K29*L23
B30: 6 | K30: =(I30+J30)*10000 | L30: =K30*L23
B31: 7 | K31: =(I31+J31)*10000 | L31: =K31*L23
B32: 8 | K32: =(I32+J32)*10000 | L32: =K32*L23
C33: [김포시] 전상현 기사님 [일정 여유롭게 / 벽/원/스탠드 사무실위주/통] | K33: 수당률 | L33: 0.5 | M33: =SUM(K35:K42) | N33: =SUM(L35:L42)
C34: 날짜/예약시간 | E34: 성함 | F34: 연락처 | G34: 주소/주요사항 | H34: 에어컨종류/개수/일반&종합 | I34: 계약금 | J34: 잔금 | K34: 합계 | L34: 수당 | M34: 포웨이 3시간
K35: =(I35+J35)*10000 | L35: =K35*L33
K36: =(I36+J36)*10000 | L36: =K36*L33
K37: =(I37+J37)*10000 | L37: =K37*L33
K38: =(I38+J38)*10000 | L38: =K38*L33
K39: =(I39+J39)*10000 | L39: =K39*L33
K40: =(I40+J40)*10000 | L40: =K40*L33
K41: =(I41+J41)*10000 | L41: =K41*L33
K42: =(I42+J42)*10000 | L42: =K42*L33
C43: 부천 중동 기사님 [일정 여유롭게 / 벽/원/스탠드 사무실위주] | K43: 수당률 | L43: 0.5 | M43: 0 | N43: 0
C44: 날짜/예약시간 | E44: 성함 | F44: 연락처 | G44: 주소/주요사항 | H44: 에어컨종류/개수/일반&종합 | I44: 계약금 | J44: 잔금 | K44: 합계 | L44: 수당
K45: =(I45+J45)*10000 | L45: =K45*L43
K46: =(I46+J46)*10000 | L46: =K46*L43
K47: =(I47+J47)*10000 | L47: =K47*L43
K48: =(I48+J48)*10000 | L48: =K48*L43
K49: =(I49+J49)*10000 | L49: =K49*L43
K50: =(I50+J50)*10000 | L50: =K50*L43
K51: =(I51+J51)*10000 | L51: =K51*L43
K52: =(I52+J52)*10000 | L52: =K52*L43
C53: [부천] 김민구 기사님 [ 벽 / 원 / 포 / 스탠드 사무실 위주 ] | K53: 수당률 | L53: 0.5 | M53: 0 | N53: 0
C54: 날짜/예약시간 | E54: 성함 | F54: 연락처 | G54: 주소/주요사항 | H54: 에어컨종류/개수/일반&종합 | I54: 계약금 | J54: 잔금 | K54: 합계 | L54: 수당
K55: =(I55+J55)*10000 | L55: =K55*L53
K56: =(I56+J56)*10000 | L56: =K56*L53
K57: =(I57+J57)*10000 | L57: =K57*L53
K58: =(I58+J58)*10000 | L58: =K58*L53
K59: =(I59+J59)*10000 | L59: =K59*L53
K60: =(I60+J60)*10000 | L60: =K60*L53
K61: =(I61+J61)*10000 | L61: =K61*L53
K62: =(I62+J62)*10000 | L62: =K62*L53
C63: [김포] 구형모 기사님 [ 벽 / 원 / 포 / 스탠드 사무실 위주 ] | K63: 수당률 | L63: 0.5 | M63: 0 | N63: 0
C64: 날짜/예약시간 | E64: 성함 | F64: 연락처 | G64: 주소/주요사항 | H64: 에어컨종류/개수/일반&종합 | I64: 계약금 | J64: 잔금 | K64: 0 | L64: 0
K65: =(I65+J65)*10000 | L65: =K65*L63
K66: =(I66+J66)*10000 | L66: =K66*L63
K67: =(I67+J67)*10000 | L67: =K67*L63
K68: =(I68+J68)*10000 | L68: =K68*L63
K69: =(I69+J69)*10000 | L69: =K69*L63
K70: =(I70+J70)*10000 | L70: =K70*L63
K71: =(I71+J71)*10000 | L71: =K71*L63
K72: =(I72+J72)*10000 | L72: =K72*L63
C73: [김포] 이재원 기사님 [ 벽 / 원 / 포 / 스탠드 사무실 위주 ] | K73: 수당률 | L73: 0.5 | M73: 0 | N73: 0
C74: 날짜/예약시간 | E74: 성함 | F74: 연락처 | G74: 주소/주요사항 | H74: 에어컨종류/개수/일반&종합 | I74: 계약금 | J74: 잔금 | K74: 합계 | L74: 수당
K75: =(I75+J75)*10000 | L75: =K75*L73
K76: =(I76+J76)*10000 | L76: =K76*L73
K77: =(I77+J77)*10000 | L77: =K77*L73
K78: =(I78+J78)*10000 | L78: =K78*L73
K79: =(I79+J79)*10000 | L79: =K79*L73
K80: =(I80+J80)*10000 | L80: =K80*L73
K81: =(I81+J81)*10000 | L81: =K81*L73
K82: =(I82+J82)*10000 | L82: =K82*L73
C83: [인천 계양/토 휴무/일 근무] 선근 기사님 [ 벽 / 원 / 포 ] | K83: 수당률 | L83: 0.5 | M83: 0 | N83: 0
C84: 날짜/예약시간 | E84: 성함 | F84: 연락처 | G84: 주소/주요사항 | H84: 에어컨종류/개수/일반&종합 | I84: 계약금 | J84: 잔금 | K84: 합계 | L84: 수당
K85: =(I85+J85)*10000 | L85: =K85*L83
K86: =(I86+J86)*10000 | L86: =K86*L83
K87: =(I87+J87)*10000 | L87: =K87*L83
K88: =(I88+J88)*10000 | L88: =K88*L83
K89: =(I89+J89)*10000 | L89: =K89*L83
K90: =(I90+J90)*10000 | L90: =K90*L83
K91: =(I91+J91)*10000 | L91: =K91*L83
K92: =(I92+J92)*10000 | L92: =K92*L83
C93: [마포구/화토일 휴무] 지니 기사님 [벽걸이만 하루 4개] | K93: 수당률 | L93: 0.5 | M93: 0 | N93: 0
C94: 날짜/예약시간 | E94: 성함 | F94: 연락처 | G94: 주소/주요사항 | H94: 에어컨종류/개수/일반&종합 | I94: 계약금 | J94: 잔금 | K94: 합계 | L94: 수당
K95: =(I95+J95)*10000 | L95: =K95*L90
K96: =(I96+J96)*10000 | L96: =K96*L90
K97: =(I97+J97)*10000 | L97: =K97*L90
K98: =(I98+J98)*10000 | L98: =K98*L90
G99: 벽걸이 대수가 4개여야 합니다 (3시 마지막) | K99: 0 | L99: 0
K100: 0 | L100: 0
K101: 0 | L101: 0
...

Sheet 29
C1: =DATE(년,월,_xlfn.SHEET()) -> 25569.375 | P1: 금일 매출
C3: 아무것도 잡지마세요 | K3: 수당률 | M3: =SUM(K5:K12) | N3: =SUM(L5:L12)
B4: NO. | C4: 날짜/예약시간 | E4: 성함 | F4: 연락처 | G4: 주소/주요사항 | H4: 에어컨종류/개수/일반&종합 | I4: 계약금 | J4: 잔금 | K4: 합계 | L4: 수당 | P4: 순이익 | Q4: =P10-R10
B5: 1 | K5: =(I5+J5)*10000 | L5: =K5*L3
B6: 2 | K6: =(I6+J6)*10000 | L6: =K6*L3
B7: 3 | K7: =(I7+J7)*10000 | L7: =K7*L3 | P7: 수입 | R7: 지출
B8: 4 | K8: =(I8+J8)*10000 | L8: =K8*L3 | P8: 계약 | Q8: 기타 | R8: 수당비 | S8: 광고비 | T8: 기타
B9: 5 | K9: =(I9+J9)*10000 | L9: =K9*L3 | P9: =SUM(M:M) | R9: =SUM(N:N)
B10: 6 | K10: =(I10+J10)*10000 | L10: =K10*L3 | P10: =SUM(P9:Q9) | R10: =SUM(R9:T9)
B11: 7 | K11: =(I11+J11)*10000 | L11: =K11*L3
B12: 8 | K12: =(I12+J12)*10000 | L12: =K12*L3
C13: [인천시] 김의덕 기사님 [일정 여유롭게 / 벽/원/포/스탠드 사무실위주/고층사다리] | K13: 수당률 | L13: 0.5 | M13: =SUM(K15:K22) | N13: =SUM(L15:L22)
B14: NO. | C14: 날짜/예약시간 | E14: 성함 | F14: 연락처 | G14: 주소/주요사항 | H14: 에어컨종류/개수/일반&종합 | I14: 계약금 | J14: 잔금 | K14: 합계 | L14: 수당 | M14: 고층사다리
B15: 1 | K15: =(I15+J15)*10000 | L15: =K15*L13
B16: 2 | K16: =(I16+J16)*10000 | L16: =K16*L13
B17: 3 | K17: =(I17+J17)*10000 | L17: =K17*L13
B18: 4 | K18: =(I18+J18)*10000 | L18: =K18*L13
B19: 5 | K19: =(I19+J19)*10000 | L19: =K19*L13
B20: 6 | K20: =(I20+J20)*10000 | L20: =K20*L13
B21: 7 | K21: =(I21+J21)*10000 | L21: =K21*L13
B22: 8 | K22: =(I22+J22)*10000 | L22: =K22*L13
C23: [인천 서구/격주토요휴무] 신국관 기사님 [벽/원/포] | K23: 수당률 | L23: 0.5 | M23: =SUM(K25:K32) | N23: =SUM(L25:L32)
B24: NO. | C24: 날짜/예약시간 | E24: 성함 | F24: 연락처 | G24: 주소/주요사항 | H24: 에어컨종류/개수/일반&종합 | I24: 계약금 | J24: 잔금 | K24: 합계 | L24: 수당
B25: 1 | G25: 10시부터 일정 잡아주세요 | K25: =(I25+J25)*10000 | L25: =K25*L23
B26: 2 | K26: =(I26+J26)*10000 | L26: =K26*L23
B27: 3 | K27: =(I27+J27)*10000 | L27: =K27*L23
B28: 4 | K28: =(I28+J28)*10000 | L28: =K28*L23
B29: 5 | K29: =(I29+J29)*10000 | L29: =K29*L23
B30: 6 | K30: =(I30+J30)*10000 | L30: =K30*L23
B31: 7 | K31: =(I31+J31)*10000 | L31: =K31*L23
B32: 8 | K32: =(I32+J32)*10000 | L32: =K32*L23
C33: [김포시] 전상현 기사님 [일정 여유롭게 / 벽/원/스탠드 사무실위주/통] | K33: 수당률 | L33: 0.5 | M33: =SUM(K35:K42) | N33: =SUM(L35:L42)
C34: 날짜/예약시간 | E34: 성함 | F34: 연락처 | G34: 주소/주요사항 | H34: 에어컨종류/개수/일반&종합 | I34: 계약금 | J34: 잔금 | K34: 합계 | L34: 수당 | M34: 포웨이 3시간
K35: =(I35+J35)*10000 | L35: =K35*L33
K36: =(I36+J36)*10000 | L36: =K36*L33
K37: =(I37+J37)*10000 | L37: =K37*L33
K38: =(I38+J38)*10000 | L38: =K38*L33
K39: =(I39+J39)*10000 | L39: =K39*L33
K40: =(I40+J40)*10000 | L40: =K40*L33
K41: =(I41+J41)*10000 | L41: =K41*L33
K42: =(I42+J42)*10000 | L42: =K42*L33
C43: 부천 중동 기사님 [일정 여유롭게 / 벽/원/스탠드 사무실위주] | K43: 수당률 | L43: 0.5 | M43: 0 | N43: 0
C44: 날짜/예약시간 | E44: 성함 | F44: 연락처 | G44: 주소/주요사항 | H44: 에어컨종류/개수/일반&종합 | I44: 계약금 | J44: 잔금 | K44: 합계 | L44: 수당
K45: =(I45+J45)*10000 | L45: =K45*L43
K46: =(I46+J46)*10000 | L46: =K46*L43
K47: =(I47+J47)*10000 | L47: =K47*L43
K48: =(I48+J48)*10000 | L48: =K48*L43
K49: =(I49+J49)*10000 | L49: =K49*L43
K50: =(I50+J50)*10000 | L50: =K50*L43
K51: =(I51+J51)*10000 | L51: =K51*L43
K52: =(I52+J52)*10000 | L52: =K52*L43
C53: [부천] 김민구 기사님 [ 벽 / 원 / 포 / 스탠드 사무실 위주 ] | K53: 수당률 | L53: 0.5 | M53: 0 | N53: 0
C54: 날짜/예약시간 | E54: 성함 | F54: 연락처 | G54: 주소/주요사항 | H54: 에어컨종류/개수/일반&종합 | I54: 계약금 | J54: 잔금 | K54: 합계 | L54: 수당
K55: =(I55+J55)*10000 | L55: =K55*L53
K56: =(I56+J56)*10000 | L56: =K56*L53
K57: =(I57+J57)*10000 | L57: =K57*L53
K58: =(I58+J58)*10000 | L58: =K58*L53
K59: =(I59+J59)*10000 | L59: =K59*L53
K60: =(I60+J60)*10000 | L60: =K60*L53
K61: =(I61+J61)*10000 | L61: =K61*L53
K62: =(I62+J62)*10000 | L62: =K62*L53
C63: [김포] 구형모 기사님 [ 벽 / 원 / 포 / 스탠드 사무실 위주 ] | K63: 수당률 | L63: 0.5 | M63: 0 | N63: 0
C64: 날짜/예약시간 | E64: 성함 | F64: 연락처 | G64: 주소/주요사항 | H64: 에어컨종류/개수/일반&종합 | I64: 계약금 | J64: 잔금 | K64: 0 | L64: 0
K65: =(I65+J65)*10000 | L65: =K65*L63
K66: =(I66+J66)*10000 | L66: =K66*L63
K67: =(I67+J67)*10000 | L67: =K67*L63
K68: =(I68+J68)*10000 | L68: =K68*L63
K69: =(I69+J69)*10000 | L69: =K69*L63
K70: =(I70+J70)*10000 | L70: =K70*L63
K71: =(I71+J71)*10000 | L71: =K71*L63
K72: =(I72+J72)*10000 | L72: =K72*L63
C73: [김포] 이재원 기사님 [ 벽 / 원 / 포 / 스탠드 사무실 위주 ] | K73: 수당률 | L73: 0.5 | M73: 0 | N73: 0
C74: 날짜/예약시간 | E74: 성함 | F74: 연락처 | G74: 주소/주요사항 | H74: 에어컨종류/개수/일반&종합 | I74: 계약금 | J74: 잔금 | K74: 합계 | L74: 수당
K75: =(I75+J75)*10000 | L75: =K75*L73
K76: =(I76+J76)*10000 | L76: =K76*L73
K77: =(I77+J77)*10000 | L77: =K77*L73
K78: =(I78+J78)*10000 | L78: =K78*L73
K79: =(I79+J79)*10000 | L79: =K79*L73
K80: =(I80+J80)*10000 | L80: =K80*L73
K81: =(I81+J81)*10000 | L81: =K81*L73
K82: =(I82+J82)*10000 | L82: =K82*L73
C83: [인천 계양/토 휴무/일 근무] 선근 기사님 [ 벽 / 원 / 포 ] | K83: 수당률 | L83: 0.5 | M83: 0 | N83: 0
C84: 날짜/예약시간 | E84: 성함 | F84: 연락처 | G84: 주소/주요사항 | H84: 에어컨종류/개수/일반&종합 | I84: 계약금 | J84: 잔금 | K84: 합계 | L84: 수당
K85: =(I85+J85)*10000 | L85: =K85*L83
K86: =(I86+J86)*10000 | L86: =K86*L83
K87: =(I87+J87)*10000 | L87: =K87*L83
K88: =(I88+J88)*10000 | L88: =K88*L83
K89: =(I89+J89)*10000 | L89: =K89*L83
K90: =(I90+J90)*10000 | L90: =K90*L83
K91: =(I91+J91)*10000 | L91: =K91*L83
K92: =(I92+J92)*10000 | L92: =K92*L83
C93: [마포구/화토일 휴무] 지니 기사님 [벽걸이만 하루 4개] | K93: 수당률 | L93: 0.5 | M93: 0 | N93: 0
C94: 날짜/예약시간 | E94: 성함 | F94: 연락처 | G94: 주소/주요사항 | H94: 에어컨종류/개수/일반&종합 | I94: 계약금 | J94: 잔금 | K94: 합계 | L94: 수당
K95: =(I95+J95)*10000 | L95: =K95*L90
K96: =(I96+J96)*10000 | L96: =K96*L90
K97: =(I97+J97)*10000 | L97: =K97*L90
K98: =(I98+J98)*10000 | L98: =K98*L90
G99: 벽걸이 대수가 4개여야 합니다 (3시 마지막) | K99: 0 | L99: 0
K100: 0 | L100: 0
K101: 0 | L101: 0
...

Sheet 30
C1: =DATE(년,월,_xlfn.SHEET()) -> 25569.375 | P1: 금일 매출
C3: 아무것도 잡지마세요 | K3: 수당률 | M3: =SUM(K5:K12) | N3: =SUM(L5:L12)
B4: NO. | C4: 날짜/예약시간 | E4: 성함 | F4: 연락처 | G4: 주소/주요사항 | H4: 에어컨종류/개수/일반&종합 | I4: 계약금 | J4: 잔금 | K4: 합계 | L4: 수당 | P4: 순이익 | Q4: =P10-R10
B5: 1 | K5: =(I5+J5)*10000 | L5: =K5*L3
B6: 2 | K6: =(I6+J6)*10000 | L6: =K6*L3
B7: 3 | K7: =(I7+J7)*10000 | L7: =K7*L3 | P7: 수입 | R7: 지출
B8: 4 | K8: =(I8+J8)*10000 | L8: =K8*L3 | P8: 계약 | Q8: 기타 | R8: 수당비 | S8: 광고비 | T8: 기타
B9: 5 | K9: =(I9+J9)*10000 | L9: =K9*L3 | P9: =SUM(M:M) | R9: =SUM(N:N)
B10: 6 | K10: =(I10+J10)*10000 | L10: =K10*L3 | P10: =SUM(P9:Q9) | R10: =SUM(R9:T9)
B11: 7 | K11: =(I11+J11)*10000 | L11: =K11*L3
B12: 8 | K12: =(I12+J12)*10000 | L12: =K12*L3
C13: [인천시] 김의덕 기사님 [일정 여유롭게 / 벽/원/포/스탠드 사무실위주/고층사다리] | K13: 수당률 | L13: 0.5 | M13: =SUM(K15:K22) | N13: =SUM(L15:L22) | P13: 금월 매출
B14: NO. | C14: 날짜/예약시간 | E14: 성함 | F14: 연락처 | G14: 주소/주요사항 | H14: 에어컨종류/개수/일반&종합 | I14: 계약금 | J14: 잔금 | K14: 합계 | L14: 수당 | M14: 고층사다리
B15: 1 | K15: =(I15+J15)*10000 | L15: =K15*L13 | P15: 순이익 | Q15: =P21-R21
B16: 2 | K16: =(I16+J16)*10000 | L16: =K16*L13
B17: 3 | K17: =(I17+J17)*10000 | L17: =K17*L13
B18: 4 | K18: =(I18+J18)*10000 | L18: =K18*L13 | P18: 수입 | R18: 지출
B19: 5 | K19: =(I19+J19)*10000 | L19: =K19*L13 | P19: 계약 | Q19: 기타 | R19: 수당비 | S19: 광고비 | T19: 기타
B20: 6 | K20: =(I20+J20)*10000 | L20: =K20*L13 | P20: =SUM(P9,'29'!P20,'28'!P20,'26'!P20,'20'!P20,'13'!P9,'6'!P9,'5'!P9,'4'!P9,'3'!P9,'2'!P9,'1'!P9) | Q20: =SUM(Q9,'29'!Q20,'28'!Q20,'26'!Q20,'20'!Q20,'13'!Q9,'6'!Q9,'5'!Q9,'4'!Q9,'3'!Q9,'2'!Q9,'1'!Q9) | R20: =SUM(R9,'29'!R20,'28'!R20,'26'!R20,'20'!R20,'13'!R9,'6'!R9,'5'!R9,'4'!R9,'3'!R9,'2'!R9,'1'!R9) | S20: =SUM(S9,'29'!S20,'28'!S20,'26'!S20,'20'!S20,'13'!S9,'6'!S9,'5'!S9,'4'!S9,'3'!S9,'2'!S9,'1'!S9) | T20: =SUM(T9,'29'!T20,'28'!T20,'26'!T20,'20'!T20,'13'!T9,'6'!T9,'5'!T9,'4'!T9,'3'!T9,'2'!T9,'1'!T9)
B21: 7 | K21: =(I21+J21)*10000 | L21: =K21*L13 | P21: =SUM(P20:Q20) | R21: =SUM(R20:T20)
B22: 8 | K22: =(I22+J22)*10000 | L22: =K22*L13
C23: [인천 서구/격주토요휴무] 신국관 기사님 [벽/원/포] | K23: 수당률 | L23: 0.5 | M23: =SUM(K25:K32) | N23: =SUM(L25:L32)
B24: NO. | C24: 날짜/예약시간 | E24: 성함 | F24: 연락처 | G24: 주소/주요사항 | H24: 에어컨종류/개수/일반&종합 | I24: 계약금 | J24: 잔금 | K24: 합계 | L24: 수당
B25: 1 | G25: 10시부터 일정 잡아주세요 | K25: =(I25+J25)*10000 | L25: =K25*L23
B26: 2 | K26: =(I26+J26)*10000 | L26: =K26*L23
B27: 3 | K27: =(I27+J27)*10000 | L27: =K27*L23
B28: 4 | K28: =(I28+J28)*10000 | L28: =K28*L23
B29: 5 | K29: =(I29+J29)*10000 | L29: =K29*L23
B30: 6 | K30: =(I30+J30)*10000 | L30: =K30*L23
B31: 7 | K31: =(I31+J31)*10000 | L31: =K31*L23
B32: 8 | K32: =(I32+J32)*10000 | L32: =K32*L23
C33: [김포시] 전상현 기사님 [일정 여유롭게 / 벽/원/스탠드 사무실위주/통] | K33: 수당률 | L33: 0.5 | M33: =SUM(K35:K42) | N33: =SUM(L35:L42)
C34: 날짜/예약시간 | E34: 성함 | F34: 연락처 | G34: 주소/주요사항 | H34: 에어컨종류/개수/일반&종합 | I34: 계약금 | J34: 잔금 | K34: 합계 | L34: 수당 | M34: 포웨이 3시간
K35: =(I35+J35)*10000 | L35: =K35*L33
K36: =(I36+J36)*10000 | L36: =K36*L33
K37: =(I37+J37)*10000 | L37: =K37*L33
K38: =(I38+J38)*10000 | L38: =K38*L33
K39: =(I39+J39)*10000 | L39: =K39*L33
K40: =(I40+J40)*10000 | L40: =K40*L33
K41: =(I41+J41)*10000 | L41: =K41*L33
K42: =(I42+J42)*10000 | L42: =K42*L33
C43: 부천 중동 기사님 [일정 여유롭게 / 벽/원/스탠드 사무실위주] | K43: 수당률 | L43: 0.5 | M43: 0 | N43: 0
C44: 날짜/예약시간 | E44: 성함 | F44: 연락처 | G44: 주소/주요사항 | H44: 에어컨종류/개수/일반&종합 | I44: 계약금 | J44: 잔금 | K44: 합계 | L44: 수당
K45: =(I45+J45)*10000 | L45: =K45*L43
K46: =(I46+J46)*10000 | L46: =K46*L43
K47: =(I47+J47)*10000 | L47: =K47*L43
K48: =(I48+J48)*10000 | L48: =K48*L43
K49: =(I49+J49)*10000 | L49: =K49*L43
K50: =(I50+J50)*10000 | L50: =K50*L43
K51: =(I51+J51)*10000 | L51: =K51*L43
K52: =(I52+J52)*10000 | L52: =K52*L43
C53: [부천] 김민구 기사님 [ 벽 / 원 / 포 / 스탠드 사무실 위주 ] | K53: 수당률 | L53: 0.5 | M53: 0 | N53: 0
C54: 날짜/예약시간 | E54: 성함 | F54: 연락처 | G54: 주소/주요사항 | H54: 에어컨종류/개수/일반&종합 | I54: 계약금 | J54: 잔금 | K54: 합계 | L54: 수당
K55: =(I55+J55)*10000 | L55: =K55*L53
K56: =(I56+J56)*10000 | L56: =K56*L53
K57: =(I57+J57)*10000 | L57: =K57*L53
K58: =(I58+J58)*10000 | L58: =K58*L53
K59: =(I59+J59)*10000 | L59: =K59*L53
K60: =(I60+J60)*10000 | L60: =K60*L53
K61: =(I61+J61)*10000 | L61: =K61*L53
K62: =(I62+J62)*10000 | L62: =K62*L53
C63: [김포] 구형모 기사님 [ 벽 / 원 / 포 / 스탠드 사무실 위주 ] | K63: 수당률 | L63: 0.5 | M63: 0 | N63: 0
C64: 날짜/예약시간 | E64: 성함 | F64: 연락처 | G64: 주소/주요사항 | H64: 에어컨종류/개수/일반&종합 | I64: 계약금 | J64: 잔금 | K64: 0 | L64: 0
K65: =(I65+J65)*10000 | L65: =K65*L63
K66: =(I66+J66)*10000 | L66: =K66*L63
K67: =(I67+J67)*10000 | L67: =K67*L63
K68: =(I68+J68)*10000 | L68: =K68*L63
K69: =(I69+J69)*10000 | L69: =K69*L63
K70: =(I70+J70)*10000 | L70: =K70*L63
K71: =(I71+J71)*10000 | L71: =K71*L63
K72: =(I72+J72)*10000 | L72: =K72*L63
C73: [김포] 이재원 기사님 [ 벽 / 원 / 포 / 스탠드 사무실 위주 ] | K73: 수당률 | L73: 0.5 | M73: 0 | N73: 0
C74: 날짜/예약시간 | E74: 성함 | F74: 연락처 | G74: 주소/주요사항 | H74: 에어컨종류/개수/일반&종합 | I74: 계약금 | J74: 잔금 | K74: 합계 | L74: 수당
K75: =(I75+J75)*10000 | L75: =K75*L73
K76: =(I76+J76)*10000 | L76: =K76*L73
K77: =(I77+J77)*10000 | L77: =K77*L73
K78: =(I78+J78)*10000 | L78: =K78*L73
K79: =(I79+J79)*10000 | L79: =K79*L73
K80: =(I80+J80)*10000 | L80: =K80*L73
K81: =(I81+J81)*10000 | L81: =K81*L73
K82: =(I82+J82)*10000 | L82: =K82*L73
C83: [인천 계양/토 휴무/일 근무] 선근 기사님 [ 벽 / 원 / 포 ] | K83: 수당률 | L83: 0.5 | M83: 0 | N83: 0
C84: 날짜/예약시간 | E84: 성함 | F84: 연락처 | G84: 주소/주요사항 | H84: 에어컨종류/개수/일반&종합 | I84: 계약금 | J84: 잔금 | K84: 합계 | L84: 수당
K85: =(I85+J85)*10000 | L85: =K85*L83
K86: =(I86+J86)*10000 | L86: =K86*L83
K87: =(I87+J87)*10000 | L87: =K87*L83
K88: =(I88+J88)*10000 | L88: =K88*L83
K89: =(I89+J89)*10000 | L89: =K89*L83
K90: =(I90+J90)*10000 | L90: =K90*L83
K91: =(I91+J91)*10000 | L91: =K91*L83
K92: =(I92+J92)*10000 | L92: =K92*L83
C93: [마포구/화토일 휴무] 지니 기사님 [벽걸이만 하루 4개] | K93: 수당률 | L93: 0.5 | M93: 0 | N93: 0
C94: 날짜/예약시간 | E94: 성함 | F94: 연락처 | G94: 주소/주요사항 | H94: 에어컨종류/개수/일반&종합 | I94: 계약금 | J94: 잔금 | K94: 합계 | L94: 수당
K95: =(I95+J95)*10000 | L95: =K95*L90
K96: =(I96+J96)*10000 | L96: =K96*L90
K97: =(I97+J97)*10000 | L97: =K97*L90
K98: =(I98+J98)*10000 | L98: =K98*L90
G99: 벽걸이 대수가 4개여야 합니다 (3시 마지막) | K99: 0 | L99: 0
K100: 0 | L100: 0
K101: 0 | L101: 0
...

Sheet 기본
C1: =DATE(년,월,_xlfn.SHEET()) -> 25569.375 | P1: 금일 매출
C3: 아무것도 잡지마세요 | K3: 수당률 | M3: =SUM(K5:K12) | N3: =SUM(L5:L12)
B4: NO. | C4: 날짜/예약시간 | E4: 성함 | F4: 연락처 | G4: 주소/주요사항 | H4: 에어컨종류/개수/일반&종합 | I4: 계약금 | J4: 잔금 | K4: 합계 | L4: 수당 | P4: 순이익 | Q4: =P10-R10
B5: 1 | K5: =(I5+J5)*10000 | L5: =K5*L3
B6: 2 | K6: =(I6+J6)*10000 | L6: =K6*L3
B7: 3 | K7: =(I7+J7)*10000 | L7: =K7*L3 | P7: 수입 | R7: 지출
B8: 4 | K8: =(I8+J8)*10000 | L8: =K8*L3 | P8: 계약 | Q8: 기타 | R8: 수당비 | S8: 광고비 | T8: 기타
B9: 5 | K9: =(I9+J9)*10000 | L9: =K9*L3 | P9: =SUM(M:M) | R9: =SUM(N:N)
B10: 6 | K10: =(I10+J10)*10000 | L10: =K10*L3 | P10: =SUM(P9:Q9) | R10: =SUM(R9:T9)
B11: 7 | K11: =(I11+J11)*10000 | L11: =K11*L3
B12: 8 | K12: =(I12+J12)*10000 | L12: =K12*L3
C13: [인천시] 김의덕 기사님 [일정 여유롭게 / 벽/원/포/스탠드 사무실위주/고층사다리] | K13: 수당률 | L13: 0.5 | M13: =SUM(K15:K22) | N13: =SUM(L15:L22)
B14: NO. | C14: 날짜/예약시간 | E14: 성함 | F14: 연락처 | G14: 주소/주요사항 | H14: 에어컨종류/개수/일반&종합 | I14: 계약금 | J14: 잔금 | K14: 합계 | L14: 수당 | M14: 고층사다리
B15: 1 | K15: =(I15+J15)*10000 | L15: =K15*L13
B16: 2 | K16: =(I16+J16)*10000 | L16: =K16*L13
B17: 3 | K17: =(I17+J17)*10000 | L17: =K17*L13
B18: 4 | K18: =(I18+J18)*10000 | L18: =K18*L13
B19: 5 | K19: =(I19+J19)*10000 | L19: =K19*L13
B20: 6 | K20: =(I20+J20)*10000 | L20: =K20*L13
B21: 7 | K21: =(I21+J21)*10000 | L21: =K21*L13
B22: 8 | K22: =(I22+J22)*10000 | L22: =K22*L13
C23: [인천 서구/격주토요휴무] 신국관 기사님 [벽/원/포] | K23: 수당률 | L23: 0.5 | M23: =SUM(K25:K32) | N23: =SUM(L25:L32)
B24: NO. | C24: 날짜/예약시간 | E24: 성함 | F24: 연락처 | G24: 주소/주요사항 | H24: 에어컨종류/개수/일반&종합 | I24: 계약금 | J24: 잔금 | K24: 합계 | L24: 수당
B25: 1 | G25: 10시부터 일정 잡아주세요 | K25: =(I25+J25)*10000 | L25: =K25*L23
B26: 2 | K26: =(I26+J26)*10000 | L26: =K26*L23
B27: 3 | K27: =(I27+J27)*10000 | L27: =K27*L23
B28: 4 | K28: =(I28+J28)*10000 | L28: =K28*L23
B29: 5 | K29: =(I29+J29)*10000 | L29: =K29*L23
B30: 6 | K30: =(I30+J30)*10000 | L30: =K30*L23
B31: 7 | K31: =(I31+J31)*10000 | L31: =K31*L23
B32: 8 | K32: =(I32+J32)*10000 | L32: =K32*L23
C33: [김포시] 전상현 기사님 [일정 여유롭게 / 벽/원/스탠드 사무실위주/통] | K33: 수당률 | L33: 0.5 | M33: =SUM(K35:K42) | N33: =SUM(L35:L42)
C34: 날짜/예약시간 | E34: 성함 | F34: 연락처 | G34: 주소/주요사항 | H34: 에어컨종류/개수/일반&종합 | I34: 계약금 | J34: 잔금 | K34: 합계 | L34: 수당 | M34: 포웨이 3시간
K35: =(I35+J35)*10000 | L35: =K35*L33
K36: =(I36+J36)*10000 | L36: =K36*L33
K37: =(I37+J37)*10000 | L37: =K37*L33
K38: =(I38+J38)*10000 | L38: =K38*L33
K39: =(I39+J39)*10000 | L39: =K39*L33
K40: =(I40+J40)*10000 | L40: =K40*L33
K41: =(I41+J41)*10000 | L41: =K41*L33
K42: =(I42+J42)*10000 | L42: =K42*L33
C43: 부천 중동 기사님 [일정 여유롭게 / 벽/원/스탠드 사무실위주] | K43: 수당률 | L43: 0.5 | M43: 0 | N43: 0
C44: 날짜/예약시간 | E44: 성함 | F44: 연락처 | G44: 주소/주요사항 | H44: 에어컨종류/개수/일반&종합 | I44: 계약금 | J44: 잔금 | K44: 합계 | L44: 수당
K45: =(I45+J45)*10000 | L45: =K45*L43
K46: =(I46+J46)*10000 | L46: =K46*L43
K47: =(I47+J47)*10000 | L47: =K47*L43
K48: =(I48+J48)*10000 | L48: =K48*L43
K49: =(I49+J49)*10000 | L49: =K49*L43
K50: =(I50+J50)*10000 | L50: =K50*L43
K51: =(I51+J51)*10000 | L51: =K51*L43
K52: =(I52+J52)*10000 | L52: =K52*L43
C53: [부천] 김민구 기사님 [ 벽 / 원 / 포 / 스탠드 사무실 위주 ] | K53: 수당률 | L53: 0.5 | M53: 0 | N53: 0
C54: 날짜/예약시간 | E54: 성함 | F54: 연락처 | G54: 주소/주요사항 | H54: 에어컨종류/개수/일반&종합 | I54: 계약금 | J54: 잔금 | K54: 합계 | L54: 수당
K55: =(I55+J55)*10000 | L55: =K55*L53
K56: =(I56+J56)*10000 | L56: =K56*L53
K57: =(I57+J57)*10000 | L57: =K57*L53
K58: =(I58+J58)*10000 | L58: =K58*L53
K59: =(I59+J59)*10000 | L59: =K59*L53
K60: =(I60+J60)*10000 | L60: =K60*L53
K61: =(I61+J61)*10000 | L61: =K61*L53
K62: =(I62+J62)*10000 | L62: =K62*L53
C63: [김포] 구형모 기사님 [ 벽 / 원 / 포 / 스탠드 사무실 위주 ] | K63: 수당률 | L63: 0.5 | M63: 0 | N63: 0
C64: 날짜/예약시간 | E64: 성함 | F64: 연락처 | G64: 주소/주요사항 | H64: 에어컨종류/개수/일반&종합 | I64: 계약금 | J64: 잔금 | K64: 0 | L64: 0
K65: =(I65+J65)*10000 | L65: =K65*L63
K66: =(I66+J66)*10000 | L66: =K66*L63
K67: =(I67+J67)*10000 | L67: =K67*L63
K68: =(I68+J68)*10000 | L68: =K68*L63
K69: =(I69+J69)*10000 | L69: =K69*L63
K70: =(I70+J70)*10000 | L70: =K70*L63
K71: =(I71+J71)*10000 | L71: =K71*L63
K72: =(I72+J72)*10000 | L72: =K72*L63
C73: [김포] 이재원 기사님 [ 벽 / 원 / 포 / 스탠드 사무실 위주 ] | K73: 수당률 | L73: 0.5 | M73: 0 | N73: 0
C74: 날짜/예약시간 | E74: 성함 | F74: 연락처 | G74: 주소/주요사항 | H74: 에어컨종류/개수/일반&종합 | I74: 계약금 | J74: 잔금 | K74: 합계 | L74: 수당
K75: =(I75+J75)*10000 | L75: =K75*L73
K76: =(I76+J76)*10000 | L76: =K76*L73
K77: =(I77+J77)*10000 | L77: =K77*L73
K78: =(I78+J78)*10000 | L78: =K78*L73
K79: =(I79+J79)*10000 | L79: =K79*L73
K80: =(I80+J80)*10000 | L80: =K80*L73
K81: =(I81+J81)*10000 | L81: =K81*L73
K82: =(I82+J82)*10000 | L82: =K82*L73
C83: [인천 계양/토 휴무/일 근무] 선근 기사님 [ 벽 / 원 / 포 ] | K83: 수당률 | L83: 0.5 | M83: 0 | N83: 0
C84: 날짜/예약시간 | E84: 성함 | F84: 연락처 | G84: 주소/주요사항 | H84: 에어컨종류/개수/일반&종합 | I84: 계약금 | J84: 잔금 | K84: 합계 | L84: 수당
K85: =(I85+J85)*10000 | L85: =K85*L83
K86: =(I86+J86)*10000 | L86: =K86*L83
K87: =(I87+J87)*10000 | L87: =K87*L83
K88: =(I88+J88)*10000 | L88: =K88*L83
K89: =(I89+J89)*10000 | L89: =K89*L83
K90: =(I90+J90)*10000 | L90: =K90*L83
K91: =(I91+J91)*10000 | L91: =K91*L83
K92: =(I92+J92)*10000 | L92: =K92*L83
C93: [마포구/화토일 휴무] 지니 기사님 [벽걸이만 하루 4개] | K93: 수당률 | L93: 0.5 | M93: 0 | N93: 0
C94: 날짜/예약시간 | E94: 성함 | F94: 연락처 | G94: 주소/주요사항 | H94: 에어컨종류/개수/일반&종합 | I94: 계약금 | J94: 잔금 | K94: 합계 | L94: 수당
K95: =(I95+J95)*10000 | L95: =K95*L90
K96: =(I96+J96)*10000 | L96: =K96*L90
K97: =(I97+J97)*10000 | L97: =K97*L90
K98: =(I98+J98)*10000 | L98: =K98*L90
G99: 벽걸이 대수가 4개여야 합니다 (3시 마지막) | K99: 0 | L99: 0
K100: 0 | L100: 0
K101: 0 | L101: 0
...

Sheet 세척기사
C3: 이름 | D3: 연락처 | E3: 거주지 | F3: 세탁기 | H3: 에어컨 | K3: 수당률 | L3: 비고
F4: 통돌이 | G4: 드럼 | H4: 스탠드 | I4: 천장형 | J4: 벽걸이
C5: 김의덕 | D5: 010 8968 7445 | E5: 인천시 | F5: 불가 | G5: 불가 | H5: 가능 | I5: 가능 | J5: 가능 | K5: 0.5 | L5: 사무실 스탠드만 가능
C6: 신국관 | D6: 010 2214 9048 | E6: 인천시 | F6: 불가 | G6: 불가 | H6: 불가 | I6: 가능 | J6: 가능 | K6: 0.5 | L6: 오전 너무 먼 곳 지양
C7: 이선근 | D7: 010 2262 6538 | E7: 인천시 | F7: 불가 | G7: 불가 | H7: 불가 | I7: 가능 | J7: 가능 | K7: 0.5 | L7: 토요일 휴무 | 일요일 근무
C8: 전상현 | D8: 010 9185 9895 | E8: 김포시 | F8: 불가 | G8: 불가 | H8: 가능 | I8: 보류 | J8: 가능 | K8: 0.5 | L8: 사무실 스탠드만 가능 | 포웨이 불가
C9: 은여울 | D9: 010 6471 2202 | E9: 김포시 | F9: 불가 | G9: 불가 | H9: 불가 | I9: 가능 | J9: 가능 | K9: 0.5 | L9: 매주 토요일 1시부터 일정 가능
C10: 중동 | D10: 010 6401 4673 | E10: 부천시 | F10: 불가 | G10: 불가 | H10: 가능 | I10: 가능 | J10: 가능 | K10: 0.5 | L10: 사무실 스탠드만 가능
C11: 신정이 | D11: 010-8947-4280 | E11: 부천시 | F11: 불가 | G11: 불가 | H11: 보류 | I11: 보류 | J11: 가능 | K11: 0.5 | L11: 원웨이 벽걸이 위주 | 스탠드 자제
C12: 온상현 | D12: 010 4626 3237 | E12: 부천시 | F12: 불가 | G12: 불가 | H12: 가능 | I12: 가능 | J12: 가능 | K12: 0.65 | L12: 액자형, 덕트 가능 | 엘지 출신
C13: 홍천 | D13: 010 9238 0412 | E13: 관악구 | F13: 불가 | G13: 불가 | H13: 가능 | I13: 가능 | J13: 가능 | K13: 0.6 | L13: 하루 4~5개 | 삼성 출신 | 관악으로 이사
C14: 이종진 | D14: 010 4565 4796 | E14: 금천구 | F14: 가능 | G14: 가능 | H14: 가능 | I14: 가능 | J14: 가능 | K14: 0.6 | L14: 서랍장벽걸이 가능 | 삼성2구 듀얼 위너 | 360
C15: 강서구 | D15: 010 5646 8673 | E15: 강서구 | F15: 불가 | G15: 불가 | H15: 가능 | I15: 불가 | J15: 가능 | K15: 0.6 | L15: 투인원 3시간 | 스탠드 2시간 | 벽걸이 1시간
C16: 박기범 | D16: 010 3994 9865 | E16: 마포구 | F16: 가능 | G16: 가능 | H16: 가능 | I16: 보류 | J16: 가능 | K16: 0.65 | L16: 천장형 2.5미터 이상 불가 | 가능지역 있음
... C24: 박준평 | D24: 010-5023-7631 | E24: 성북구 | F24: 가능 | G24: 가능 | H24: 가능 | I24: 가능 | J24: 가능 | K24: 0.7 | L24: 플렉스워시 빼고 대부분
C25: 양곡 | D25: 010-2253-8695 | E25: 양곡 | F25: 가능 | G25: 불가능 | K25: 0.5 | L25: 플렉스워시 빼고 대부분
C26: 중랑구 | D26: 010-9861-4010 | E26: 중랑구 | F26: 가능 | G26: 가능 | K26: 0.7 | L26: 엘지 출신ㅣ플렉스워시 빼고 대부분
C27: 송도 | D27: 010 9931 0929 | E27: 인천시 | F27: 불가 | G27: 불가 | H27: 가능 | I27: 가능 | J27: 가능 | K27: 0.5 | L27: 사무실 스탠드만 가능
C28: 조철 | D28: 010-4626-4171 | E28: 시흥 | F28: 가능 | G28: 가능 | H28: 가능 | I28: 가능 | J28: 가능 | K28: 0.5 | L28: 하루 두 개씩
C29: 태환 | D29: 010-9040-6757 | E29: 인천 | F29: 불가 | G29: 불가 | H29: 가능 | I29: 가능 | J29: 가능 | K29: 0.6 | L29: 과거 위니아 설치기사
C30: 태형 | D30: 010-7464-2996 | E30: 부천 | F30: 불가 | G30: 불가 | H30: 가능` | I30: 가능 | J30: 가능 | K30: 0.5 | L30: 보편적인 스탠드로 잡기
C31: 박정환 | D31: 010-5824-3609 | E31: 일산 | F31: 가능 | G31: 가능 | H31: 불가 | I31: 가능 | J31: 가능 | K31: 0.5 | L31: 빌트인 세탁기,스탠드,포웨이안됨
C32: 남양주 | D32: 010-6231-5167 | E32: 남양주 | F32: 불가 | G32: 불가 | H32: 가능 | I32: 가능 | J32: 가능 | K32: 0.7
C33: 안양 | D33: 010-4238-3018 | E33: 안양 | F33: 불가 | G33: 불가 | H33: 가능 | I33: 가능 | J33: 가능 | K33: 0.7 | L33: 수원 안양 안산 지역 위주
C34: 성수 | D34: 010-7704-7433 | E34: 성동구 | F34: 불가 | G34: 불가 | H34: 가능 | I34: 가능 | J34: 가능 | K34: 0.6 | L34: 포웨이,복층 원웨이X
C35: 종로구 | D35: 010-8982-3806 | E35: 종로구 | F35: 가능 | G35: 가능 | H35: 가능 | I35: 가능 | J35: 가능 | K35: 0.7
C36: 조상현 | D36: 010-4946-3932 | E36: 하남 | F36: 가능 | G36: 불가 | H36: 가능 | I36: 가능 | J36: 가능 | K36: 0.5
C37: 가구 | D37: 010 6894 9811 | E37: 인천 | F37: 불가 | G37: 불가 | H37: 가능 | I37: 가능 | J37: 가능 | K37: 0.5 | L37: 보편적인 스탠드로 잡기
C38: 현민 | D38: 010 4449 2470 | E38: 수원 | F38: 불가 | G38: 불가 | H38: 불가 | I38: 가능 | J38: 가능 | K38: 0.5 | L38: 스탠드 불가
C39: 원주 | D39: 010-2004-5525 | E39: 원주 | F39: 불가 | G39: 불가 | H39: 가능 | I39: 가능 | J39: 가능 | K39: 0.6
C40: 오산 | D40: 010-8822-5764 | E40: 오산 | F40: 가능 | G40: 불가 | H40: 가능 | I40: 가능 | J40: 가능 | K40: 0.5 | L40: 주말 근무 [용인/수원/오산]
C41: 조은혜 | D41: 010 4546 3932 | E41: 고양 | F41: 불가 | G41: 불가 | H41: 가능 | I41: 가능 | J41: 가능 | K41: 0.5 | L41: 보편적인 스탠드로 / 포웨이불가
C42: 강철 | D42: 서은호 010-2447-7541 | E42: 김포시 | F42: 불가 | G42: 불가 | H42: 불가 | I42: 가능 | J42: 가능 | K42: 0.6 | L42: 해강님 지인 | 2인1조
D43: 박권재 010-2043-1083
C44: 오산권기사 | D44: 010 9737 3759 | E44: 오산시 | F44: 불가 | G44: 불가 | H44: 가능 | I44: 가능 | J44: 가능 | K44: 0.5 | L44: 사무실 스탠드만 가능

Sheet 일요일
C1: =DATE(년,월,_xlfn.SHEET()) -> 25569.375 | P1: 금일 매출
C3: 아무것도 잡지마세요 | K3: 수당률 | M3: =SUM(K5:K12) | N3: =SUM(L5:L12)
B4: NO. | C4: 날짜/예약시간 | E4: 성함 | F4: 연락처 | G4: 주소/주요사항 | H4: 에어컨종류/개수/일반&종합 | I4: 계약금 | J4: 잔금 | K4: 합계 | L4: 수당 | P4: 순이익 | Q4: =P10-R10
B5: 1 | K5: =(I5+J5)*10000 | L5: =K5*L3
B6: 2 | K6: =(I6+J6)*10000 | L6: =K6*L3
B7: 3 | K7: =(I7+J7)*10000 | L7: =K7*L3 | P7: 수입 | R7: 지출
B8: 4 | K8: =(I8+J8)*10000 | L8: =K8*L3 | P8: 계약 | Q8: 기타 | R8: 수당비 | S8: 광고비 | T8: 기타
B9: 5 | K9: =(I9+J9)*10000 | L9: =K9*L3 | P9: =SUM(M:M) | R9: =SUM(N:N)
B10: 6 | K10: =(I10+J10)*10000 | L10: =K10*L3 | P10: =SUM(P9:Q9) | R10: =SUM(R9:T9)
B11: 7 | K11: =(I11+J11)*10000 | L11: =K11*L3
B12: 8 | K12: =(I12+J12)*10000 | L12: =K12*L3
C13: [인천시] 김의덕 기사님 [일정 여유롭게 / 벽/원/포/스탠드 사무실위주/고층사다리] | K13: 수당률 | L13: 0.5 | M13: =SUM(K15:K22) | N13: =SUM(L15:L22) | P13: 금주 매출
B14: NO. | C14: 날짜/예약시간 | E14: 성함 | F14: 연락처 | G14: 주소/주요사항 | H14: 에어컨종류/개수/일반&종합 | I14: 계약금 | J14: 잔금 | K14: 합계 | L14: 수당 | M14: 고층사다리
B15: 1 | K15: =(I15+J15)*10000 | L15: =K15*L13 | P15: 순이익 | Q15: =P21-R21
B16: 2 | K16: =(I16+J16)*10000 | L16: =K16*L13
B17: 3 | K17: =(I17+J17)*10000 | L17: =K17*L13
B18: 4 | K18: =(I18+J18)*10000 | L18: =K18*L13 | P18: 수입 | R18: 지출
B19: 5 | K19: =(I19+J19)*10000 | L19: =K19*L13 | P19: 계약 | Q19: 기타 | R19: 수당비 | S19: 광고비 | T19: 기타
B20: 6 | K20: =(I20+J20)*10000 | L20: =K20*L13 | P20: =SUM(P9,'8'!P9,'7'!P9,'6'!P9,'5'!P9,'4'!P9,'3'!P9) | Q20: =SUM(Q9,'8'!Q9,'7'!Q9,'6'!Q9,'5'!Q9,'4'!Q9,'3'!Q9) | R20: =SUM(R9,'8'!R9,'7'!R9,'6'!R9,'5'!R9,'4'!R9,'3'!R9) | S20: =SUM(S9,'8'!S9,'7'!S9,'6'!S9,'5'!S9,'4'!S9,'3'!S9) | T20: =SUM(T9,'8'!T9,'7'!T9,'6'!T9,'5'!T9,'4'!T9,'3'!T9)
B21: 7 | K21: =(I21+J21)*10000 | L21: =K21*L13 | P21: =SUM(P20:Q20) | R21: =SUM(R20:T20)
B22: 8 | K22: =(I22+J22)*10000 | L22: =K22*L13
C23: [인천 서구/격주토요휴무] 신국관 기사님 [벽/원/포] | K23: 수당률 | L23: 0.5 | M23: =SUM(K25:K32) | N23: =SUM(L25:L32)
B24: NO. | C24: 날짜/예약시간 | E24: 성함 | F24: 연락처 | G24: 주소/주요사항 | H24: 에어컨종류/개수/일반&종합 | I24: 계약금 | J24: 잔금 | K24: 합계 | L24: 수당
B25: 1 | G25: 10시부터 일정 잡아주세요 | K25: =(I25+J25)*10000 | L25: =K25*L23
B26: 2 | K26: =(I26+J26)*10000 | L26: =K26*L23
B27: 3 | K27: =(I27+J27)*10000 | L27: =K27*L23
B28: 4 | K28: =(I28+J28)*10000 | L28: =K28*L23
B29: 5 | K29: =(I29+J29)*10000 | L29: =K29*L23
B30: 6 | K30: =(I30+J30)*10000 | L30: =K30*L23
B31: 7 | K31: =(I31+J31)*10000 | L31: =K31*L23
B32: 8 | K32: =(I32+J32)*10000 | L32: =K32*L23
C33: [김포시] 전상현 기사님 [일정 여유롭게 / 벽/원/스탠드 사무실위주/통] | K33: 수당률 | L33: 0.5 | M33: =SUM(K35:K42) | N33: =SUM(L35:L42)
C34: 날짜/예약시간 | E34: 성함 | F34: 연락처 | G34: 주소/주요사항 | H34: 에어컨종류/개수/일반&종합 | I34: 계약금 | J34: 잔금 | K34: 합계 | L34: 수당 | M34: 포웨이 3시간
K35: =(I35+J35)*10000 | L35: =K35*L33
K36: =(I36+J36)*10000 | L36: =K36*L33
K37: =(I37+J37)*10000 | L37: =K37*L33
K38: =(I38+J38)*10000 | L38: =K38*L33
K39: =(I39+J39)*10000 | L39: =K39*L33
K40: =(I40+J40)*10000 | L40: =K40*L33
K41: =(I41+J41)*10000 | L41: =K41*L33
K42: =(I42+J42)*10000 | L42: =K42*L33
C43: 부천 중동 기사님 [일정 여유롭게 / 벽/원/스탠드 사무실위주] | K43: 수당률 | L43: 0.5 | M43: 0 | N43: 0
B44: NO. | C44: 날짜/예약시간 | E44: 성함 | F44: 연락처 | G44: 주소/주요사항 | H44: 에어컨종류/개수/일반&종합 | I44: 계약금 | J44: 잔금 | K44: 합계 | L44: 수당
B45: 1 | K45: =(I45+J45)*10000 | L45: =K45*L43
B46: 2 | K46: =(I46+J46)*10000 | L46: =K46*L43
B47: 3 | K47: =(I47+J47)*10000 | L47: =K47*L43
B48: 4 | K48: =(I48+J48)*10000 | L48: =K48*L43
B49: 5 | K49: =(I49+J49)*10000 | L49: =K49*L43
B50: 6 | K50: =(I50+J50)*10000 | L50: =K50*L43
B51: 7 | K51: =(I51+J51)*10000 | L51: =K51*L43
B52: 8 | K52: =(I52+J52)*10000 | L52: =K52*L43
C53: [부천] 김민구 기사님 [ 벽 / 원 / 포 / 스탠드 사무실 위주 ] | K53: 수당률 | L53: 0.5 | M53: 0 | N53: 0
C54: 날짜/예약시간 | E54: 성함 | F54: 연락처 | G54: 주소/주요사항 | H54: 에어컨종류/개수/일반&종합 | I54: 계약금 | J54: 잔금 | K54: 합계 | L54: 수당
K55: =(I55+J55)*10000 | L55: =K55*L53
K56: =(I56+J56)*10000 | L56: =K56*L53
K57: =(I57+J57)*10000 | L57: =K57*L53
K58: =(I58+J58)*10000 | L58: =K58*L53
K59: =(I59+J59)*10000 | L59: =K59*L53
K60: =(I60+J60)*10000 | L60: =K60*L53
K61: =(I61+J61)*10000 | L61: =K61*L53
K62: =(I62+J62)*10000 | L62: =K62*L53
C63: [김포] 구형모 기사님 [ 벽 / 원 / 포 / 스탠드 사무실 위주 ] | K63: 수당률 | L63: 0.5 | M63: 0 | N63: 0
C64: 날짜/예약시간 | E64: 성함 | F64: 연락처 | G64: 주소/주요사항 | H64: 에어컨종류/개수/일반&종합 | I64: 계약금 | J64: 잔금 | K64: 0 | L64: 0
K65: =(I65+J65)*10000 | L65: =K65*L63
K66: =(I66+J66)*10000 | L66: =K66*L63
K67: =(I67+J67)*10000 | L67: =K67*L63
K68: =(I68+J68)*10000 | L68: =K68*L63
K69: =(I69+J69)*10000 | L69: =K69*L63
K70: =(I70+J70)*10000 | L70: =K70*L63
K71: =(I71+J71)*10000 | L71: =K71*L63
K72: =(I72+J72)*10000 | L72: =K72*L63
C73: [김포] 이재원 기사님 [ 벽 / 원 / 포 / 스탠드 사무실 위주 ] | K73: 수당률 | L73: 0.5 | M73: 0 | N73: 0
C74: 날짜/예약시간 | E74: 성함 | F74: 연락처 | G74: 주소/주요사항 | H74: 에어컨종류/개수/일반&종합 | I74: 계약금 | J74: 잔금 | K74: 합계 | L74: 수당
K75: =(I75+J75)*10000 | L75: =K75*L73
K76: =(I76+J76)*10000 | L76: =K76*L73
K77: =(I77+J77)*10000 | L77: =K77*L73
K78: =(I78+J78)*10000 | L78: =K78*L73
K79: =(I79+J79)*10000 | L79: =K79*L73
K80: =(I80+J80)*10000 | L80: =K80*L73
K81: =(I81+J81)*10000 | L81: =K81*L73
K82: =(I82+J82)*10000 | L82: =K82*L73
C83: [인천 계양/토 휴무/일 근무] 선근 기사님 [ 벽 / 원 / 포 ] | K83: 수당률 | L83: 0.5 | M83: 0 | N83: 0
C84: 날짜/예약시간 | E84: 성함 | F84: 연락처 | G84: 주소/주요사항 | H84: 에어컨종류/개수/일반&종합 | I84: 계약금 | J84: 잔금 | K84: 합계 | L84: 수당
K85: =(I85+J85)*10000 | L85: =K85*L83
K86: =(I86+J86)*10000 | L86: =K86*L83
K87: =(I87+J87)*10000 | L87: =K87*L83
K88: =(I88+J88)*10000 | L88: =K88*L83
K89: =(I89+J89)*10000 | L89: =K89*L83
K90: =(I90+J90)*10000 | L90: =K90*L83
K91: =(I91+J91)*10000 | L91: =K91*L83
K92: =(I92+J92)*10000 | L92: =K92*L83
C93: [마포구/화토일 휴무] 지니 기사님 [벽걸이만 하루 4개] | K93: 수당률 | L93: 0.5 | M93: 0 | N93: 0
C94: 날짜/예약시간 | E94: 성함 | F94: 연락처 | G94: 주소/주요사항 | H94: 에어컨종류/개수/일반&종합 | I94: 계약금 | J94: 잔금 | K94: 합계 | L94: 수당
K95: =(I95+J95)*10000 | L95: =K95*L90
K96: =(I96+J96)*10000 | L96: =K96*L90
K97: =(I97+J97)*10000 | L97: =K97*L90
K98: =(I98+J98)*10000 | L98: =K98*L90
G99: 벽걸이 대수가 4개여야 합니다 (3시 마지막) | K99: 0 | L99: 0
K100: 0 | L100: 0
K101: 0 | L101: 0
...

Sheet 참조
B2: ※ 아래 년도와 월은 각 시트의 상단에 있는 날짜에 사용됩니다. 변경시 각 시트의 년도와 월이 모두 변합니다
B3: 년도 | C3: 2025
B4: 월 | C4: 4
